顧客番号,キャンペーン反応
10001,"F"
10002,"F"
10003,"F"
10004,"T"
10005,"F"
10006,"T"
10007,"F"
10008,"F"
10009,"F"
10010,"F"
10011,"F"
10012,"F"
10013,"F"
10014,"F"
10015,"F"
10016,"T"
10017,"F"
10018,"T"
10019,"T"
10020,"F"
10021,"F"
10022,"F"
10023,"F"
10024,"F"
10025,"F"
10026,"F"
10027,"F"
10028,"T"
10029,"F"
10030,"F"
10031,"F"
10032,"F"
10033,"F"
10034,"F"
10035,"F"
10036,"F"
10037,"F"
10038,"T"
10039,"F"
10040,"F"
10041,"F"
10042,"F"
10043,"F"
10044,"F"
10045,"F"
10046,"F"
10047,"F"
10048,"F"
10049,"F"
10050,"F"
10051,"T"
10052,"F"
10053,"F"
10054,"F"
10055,"F"
10056,"F"
10057,"F"
10058,"F"
10059,"F"
10060,"F"
10061,"F"
10062,"T"
10063,"F"
10064,"F"
10065,"F"
10066,"F"
10067,"F"
10068,"F"
10069,"F"
10070,"F"
10071,"F"
10072,"F"
10073,"F"
10074,"T"
10075,"F"
10076,"F"
10077,"T"
10078,"F"
10079,"T"
10080,"F"
10081,"F"
10082,"F"
10083,"F"
10084,"F"
10085,"F"
10086,"F"
10087,"T"
10088,"F"
10089,"F"
10090,"F"
10091,"F"
10092,"F"
10093,"F"
10094,"T"
10095,"F"
10096,"F"
10097,"F"
10098,"F"
10099,"T"
10100,"F"
10101,"F"
10102,"F"
10103,"T"
10104,"F"
10105,"F"
10106,"F"
10107,"T"
10108,"F"
10109,"F"
10110,"F"
10111,"F"
10112,"F"
10113,"F"
10114,"F"
10115,"F"
10116,"F"
10117,"F"
10118,"F"
10119,"F"
10120,"F"
10121,"F"
10122,"F"
10123,"T"
10124,"F"
10125,"F"
10126,"F"
10127,"F"
10128,"F"
10129,"F"
10130,"F"
10131,"F"
10132,"F"
10133,"F"
10134,"F"
10135,"F"
10136,"F"
10137,"F"
10138,"F"
10139,"F"
10140,"T"
10141,"F"
10142,"F"
10143,"T"
10145,"F"
10146,"F"
10147,"F"
10148,"F"
10149,"F"
10150,"F"
10151,"F"
10152,"F"
10154,"T"
10155,"F"
10156,"F"
10157,"F"
10158,"F"
10159,"F"
10160,"F"
10161,"F"
10162,"F"
10163,"F"
10164,"F"
10165,"F"
10166,"F"
10167,"F"
10168,"F"
10169,"F"
10170,"F"
10171,"T"
10172,"F"
10173,"F"
10174,"F"
10176,"F"
10177,"F"
10178,"F"
10179,"F"
10180,"F"
10181,"F"
10182,"F"
10183,"T"
10184,"F"
10185,"F"
10187,"F"
10188,"F"
10189,"T"
10190,"F"
10191,"F"
10192,"F"
10193,"F"
10194,"F"
10195,"F"
10196,"T"
10197,"F"
10198,"T"
10199,"F"
10201,"F"
10202,"F"
10203,"T"
10204,"F"
10205,"T"
10206,"F"
10207,"F"
10208,"F"
10209,"F"
10210,"T"
10211,"T"
10212,"F"
10213,"F"
10214,"F"
10215,"T"
10216,"F"
10217,"F"
10218,"F"
10219,"F"
10220,"T"
10221,"T"
10222,"F"
10223,"F"
10224,"T"
10225,"F"
10226,"F"
10227,"F"
10228,"F"
10229,"F"
10230,"F"
10231,"F"
10232,"T"
10233,"F"
10234,"F"
10235,"F"
10236,"T"
10237,"F"
10238,"F"
10239,"F"
10240,"F"
10241,"F"
10242,"F"
10243,"T"
10244,"F"
10245,"F"
10246,"F"
10247,"F"
10248,"F"
10249,"F"
10250,"F"
10251,"F"
10252,"F"
10253,"F"
10254,"F"
10255,"F"
10256,"F"
10257,"T"
10258,"F"
10259,"F"
10260,"F"
10261,"F"
10262,"F"
10263,"F"
10264,"F"
10265,"F"
10266,"F"
10267,"T"
10268,"F"
10269,"T"
10270,"F"
10271,"F"
10272,"F"
10273,"F"
10274,"F"
10275,"F"
10276,"T"
10277,"F"
10278,"F"
10279,"T"
10280,"F"
10281,"F"
10282,"F"
10283,"T"
10284,"F"
10285,"F"
10286,"F"
10287,"F"
10288,"F"
10289,"F"
10290,"F"
10291,"F"
10292,"T"
10293,"F"
10294,"F"
10295,"F"
10296,"F"
10297,"T"
10298,"T"
10299,"F"
10300,"F"
10301,"T"
10302,"T"
10303,"F"
10304,"F"
10305,"F"
10306,"F"
10307,"F"
10308,"T"
10309,"F"
10310,"F"
10311,"T"
10312,"F"
10313,"F"
10314,"F"
10315,"F"
10316,"F"
10317,"T"
10318,"F"
10319,"F"
10320,"F"
10321,"F"
10322,"F"
10323,"F"
10324,"F"
10325,"T"
10326,"F"
10327,"F"
10328,"F"
10329,"T"
10330,"F"
10331,"F"
10332,"T"
10333,"F"
10334,"F"
10335,"F"
10336,"F"
10337,"F"
10338,"F"
10339,"F"
10340,"F"
10341,"F"
10342,"F"
10343,"F"
10344,"F"
10345,"F"
10346,"F"
10347,"F"
10348,"F"
10349,"F"
10350,"T"
10351,"F"
10352,"F"
10353,"F"
10354,"F"
10355,"F"
10356,"F"
10357,"F"
10358,"F"
10359,"F"
10360,"F"
10361,"F"
10362,"F"
10363,"F"
10364,"T"
10365,"F"
10366,"F"
10367,"F"
10368,"F"
10369,"F"
10371,"T"
10372,"T"
10373,"F"
10374,"F"
10375,"T"
10376,"F"
10377,"F"
10378,"F"
10379,"T"
10380,"F"
10381,"F"
10382,"F"
10383,"F"
10384,"F"
10385,"F"
10386,"F"
10387,"T"
10388,"F"
10389,"F"
10390,"T"
10391,"F"
10392,"F"
10393,"F"
10394,"F"
10395,"F"
10396,"F"
10397,"F"
10398,"F"
10399,"F"
10400,"F"
10401,"F"
10402,"F"
10403,"F"
10404,"F"
10405,"F"
10406,"F"
10407,"T"
10408,"F"
10409,"F"
10410,"T"
10411,"F"
10412,"F"
10413,"F"
10414,"T"
10415,"F"
10416,"T"
10417,"F"
10418,"F"
10419,"F"
10420,"F"
10421,"T"
10422,"F"
10423,"F"
10424,"F"
10425,"F"
10426,"F"
10427,"F"
10428,"F"
10429,"F"
10430,"F"
10431,"F"
10432,"F"
10433,"F"
10434,"F"
10435,"F"
10436,"F"
10437,"F"
10438,"F"
10439,"T"
10440,"F"
10441,"T"
10442,"F"
10443,"F"
10444,"F"
10445,"F"
10446,"F"
10447,"F"
10448,"F"
10449,"F"
10450,"F"
10451,"T"
10452,"F"
10453,"F"
10454,"F"
10455,"F"
10456,"F"
10457,"F"
10458,"T"
10459,"F"
10460,"T"
10461,"F"
10462,"T"
10463,"T"
10464,"F"
10465,"F"
10466,"F"
10467,"F"
10468,"F"
10469,"F"
10470,"F"
10471,"T"
10472,"T"
10473,"F"
10474,"F"
10475,"F"
10476,"F"
10477,"F"
10478,"F"
10479,"F"
10480,"F"
10481,"F"
10482,"F"
10483,"F"
10484,"F"
10485,"F"
10486,"F"
10487,"F"
10488,"F"
10489,"F"
10490,"F"
10491,"F"
10492,"F"
10493,"F"
10494,"F"
10495,"F"
10496,"F"
10497,"F"
10498,"F"
10499,"F"
10500,"F"
10501,"F"
10502,"F"
10503,"F"
10504,"F"
10505,"F"
10506,"F"
10507,"F"
10508,"F"
10509,"F"
10510,"F"
10511,"F"
10512,"F"
10513,"F"
10514,"T"
10515,"F"
10516,"F"
10517,"F"
10518,"T"
10519,"F"
10520,"T"
10521,"T"
10522,"F"
10523,"F"
10524,"F"
10525,"F"
10526,"T"
10527,"F"
10528,"F"
10529,"F"
10530,"F"
10531,"F"
10532,"F"
10533,"F"
10534,"F"
10535,"F"
10536,"F"
10537,"F"
10539,"F"
10540,"F"
10541,"F"
10542,"T"
10543,"F"
10544,"F"
10545,"F"
10546,"F"
10547,"F"
10548,"F"
10549,"F"
10550,"F"
10551,"F"
10552,"F"
10553,"T"
10554,"F"
10555,"F"
10556,"F"
10557,"F"
10558,"F"
10559,"F"
10560,"F"
10561,"F"
10562,"F"
10563,"F"
10564,"T"
10565,"F"
10566,"F"
10567,"F"
10568,"F"
10569,"F"
10570,"F"
10571,"F"
10572,"F"
10573,"F"
10574,"F"
10575,"F"
10576,"T"
10577,"F"
10578,"F"
10579,"F"
10580,"F"
10581,"F"
10582,"F"
10583,"F"
10584,"T"
10585,"F"
10586,"T"
10587,"F"
10588,"F"
10589,"F"
10590,"F"
10591,"T"
10592,"T"
10593,"F"
10594,"F"
10595,"F"
10596,"T"
10597,"F"
10598,"F"
10599,"F"
10600,"F"
10601,"F"
10602,"F"
10603,"F"
10604,"F"
10605,"F"
10606,"F"
10607,"F"
10608,"F"
10609,"F"
10610,"F"
10611,"F"
10612,"F"
10613,"F"
10614,"F"
10615,"F"
10616,"F"
10617,"F"
10618,"F"
10619,"F"
10620,"T"
10621,"F"
10622,"F"
10623,"F"
10624,"T"
10625,"F"
10626,"T"
10627,"F"
10628,"F"
10629,"T"
10630,"F"
10631,"F"
10632,"F"
10633,"F"
10634,"T"
10635,"T"
10638,"F"
10639,"F"
10640,"F"
10641,"F"
10642,"F"
10643,"F"
10644,"T"
10645,"F"
10646,"F"
10647,"F"
10648,"F"
10649,"T"
10650,"T"
10651,"T"
10652,"T"
10653,"T"
10654,"F"
10655,"F"
10656,"F"
10657,"F"
10658,"T"
10659,"F"
10660,"F"
10661,"F"
10662,"T"
10663,"F"
10664,"F"
10665,"F"
10666,"F"
10667,"F"
10668,"T"
10669,"F"
10670,"F"
10671,"F"
10672,"F"
10673,"F"
10674,"T"
10675,"F"
10676,"F"
10677,"F"
10678,"T"
10680,"F"
10681,"F"
10682,"T"
10683,"F"
10684,"F"
10685,"F"
10686,"F"
10687,"F"
10688,"F"
10689,"T"
10690,"F"
10691,"T"
10692,"F"
10693,"F"
10694,"T"
10695,"F"
10696,"F"
10697,"T"
10698,"F"
10699,"F"
10700,"F"
10701,"F"
10702,"T"
10703,"F"
10704,"F"
10705,"F"
10706,"F"
10707,"F"
10708,"F"
10709,"F"
10710,"T"
10711,"F"
10712,"T"
10713,"F"
10714,"T"
10715,"T"
10716,"F"
10717,"T"
10718,"F"
10719,"F"
10720,"T"
10721,"F"
10722,"F"
10723,"F"
10724,"F"
10725,"F"
10726,"F"
10727,"F"
10728,"F"
10729,"F"
10730,"T"
10731,"T"
10732,"F"
10733,"F"
10734,"F"
10735,"F"
10736,"F"
10737,"F"
10738,"F"
10740,"F"
10741,"T"
10742,"F"
10743,"F"
10744,"F"
10745,"F"
10746,"F"
10747,"T"
10748,"F"
10749,"F"
10750,"F"
10751,"F"
10752,"F"
10753,"T"
10754,"F"
10755,"F"
10756,"F"
10757,"F"
10758,"T"
10759,"T"
10760,"F"
10761,"T"
10762,"F"
10763,"T"
10764,"F"
10765,"T"
10766,"F"
10767,"F"
10768,"F"
10769,"T"
10770,"F"
10771,"F"
10772,"F"
10773,"F"
10774,"T"
10775,"F"
10776,"F"
10777,"F"
10778,"F"
10779,"T"
10780,"F"
10781,"F"
10782,"F"
10783,"F"
10784,"F"
10785,"F"
10786,"F"
10787,"F"
10788,"T"
10789,"F"
10790,"F"
10791,"F"
10792,"F"
10793,"F"
10794,"F"
10795,"F"
10796,"T"
10797,"F"
10798,"F"
10799,"F"
10800,"F"
10801,"F"
10802,"F"
10803,"F"
10804,"F"
10805,"F"
10806,"T"
10807,"T"
10808,"F"
10809,"F"
10810,"F"
10811,"T"
10812,"F"
10813,"F"
10814,"F"
10815,"F"
10816,"F"
10817,"F"
10818,"T"
10819,"F"
10820,"F"
10821,"T"
10822,"F"
10823,"F"
10824,"F"
10825,"F"
10826,"F"
10827,"F"
10828,"F"
10829,"F"
10830,"F"
10831,"F"
10832,"F"
10833,"F"
10834,"F"
10835,"F"
10836,"T"
10837,"F"
10838,"F"
10839,"T"
10840,"F"
10842,"F"
10843,"F"
10844,"F"
10845,"T"
10846,"F"
10847,"F"
10848,"F"
10849,"F"
10850,"T"
10851,"F"
10852,"T"
10853,"F"
10854,"F"
10855,"F"
10856,"F"
10857,"F"
10858,"F"
10859,"F"
10860,"F"
10861,"F"
10862,"F"
10863,"F"
10864,"F"
10865,"F"
10866,"F"
10867,"F"
10868,"F"
10869,"F"
10870,"F"
10871,"T"
10872,"F"
10873,"F"
10874,"F"
10875,"F"
10876,"F"
10877,"F"
10878,"F"
10879,"T"
10880,"F"
10881,"F"
10882,"T"
10883,"F"
10885,"F"
10886,"F"
10887,"F"
10888,"F"
10889,"F"
10890,"T"
10891,"F"
10892,"F"
10893,"F"
10894,"F"
10895,"F"
10896,"T"
10897,"F"
10898,"F"
10899,"F"
10901,"F"
10902,"T"
10904,"F"
10905,"T"
10906,"F"
10907,"F"
10908,"F"
10909,"F"
10910,"F"
10911,"F"
10912,"T"
10913,"T"
10914,"F"
10915,"F"
10916,"F"
10917,"F"
10918,"T"
10919,"F"
10920,"T"
10921,"F"
10922,"F"
10923,"F"
10924,"F"
10925,"T"
10926,"F"
10927,"F"
10928,"F"
10929,"F"
10930,"F"
10931,"T"
10932,"F"
10933,"F"
10934,"T"
10935,"F"
10936,"T"
10937,"F"
10938,"F"
10939,"F"
10940,"F"
10941,"F"
10942,"F"
10943,"F"
10944,"F"
10945,"F"
10946,"F"
10947,"F"
10948,"F"
10949,"F"
10950,"T"
10951,"F"
10952,"T"
10953,"F"
10954,"F"
10955,"F"
10956,"F"
10957,"T"
10958,"F"
10959,"T"
10960,"F"
10961,"F"
10962,"F"
10963,"T"
10964,"F"
10965,"F"
10966,"F"
10967,"T"
10968,"F"
10969,"F"
10970,"T"
10971,"F"
10972,"F"
10973,"F"
10974,"F"
10975,"F"
10976,"T"
10977,"T"
10978,"F"
10979,"F"
10980,"F"
10981,"T"
10982,"F"
10983,"F"
10984,"F"
10985,"F"
10986,"F"
10987,"F"
10988,"F"
10989,"F"
10990,"T"
10991,"F"
10992,"F"
10993,"F"
10994,"T"
10995,"F"
10996,"F"
10997,"F"
10998,"F"
10999,"T"
11000,"F"
11001,"F"
11002,"F"
11003,"F"
11004,"F"
11005,"F"
11006,"T"
11007,"F"
11008,"T"
11009,"F"
11010,"F"
11011,"F"
11012,"F"
11013,"F"
11014,"F"
11015,"F"
11016,"T"
11017,"T"
11018,"F"
11019,"T"
11020,"F"
11021,"F"
11022,"F"
11023,"F"
11024,"F"
11025,"T"
11026,"F"
11027,"F"
11028,"F"
11029,"F"
11030,"T"
11031,"F"
11032,"F"
11033,"F"
11034,"F"
11035,"F"
11036,"F"
11037,"F"
11038,"T"
11039,"F"
11040,"F"
11041,"F"
11042,"F"
11043,"F"
11044,"T"
11045,"T"
11046,"T"
11047,"F"
11048,"F"
11049,"F"
11050,"F"
11051,"F"
11052,"F"
11053,"T"
11054,"F"
11055,"F"
11056,"T"
11057,"F"
11058,"F"
11059,"T"
11060,"F"
11061,"F"
11062,"F"
11063,"F"
11064,"F"
11065,"F"
11066,"F"
11068,"F"
11069,"F"
11070,"F"
11071,"F"
11072,"F"
11073,"F"
11074,"F"
11075,"F"
11076,"T"
11077,"F"
11078,"F"
11079,"T"
11080,"T"
11081,"F"
11082,"F"
11083,"F"
11084,"F"
11085,"T"
11086,"F"
11087,"F"
11088,"F"
11089,"F"
11090,"F"
11091,"F"
11092,"F"
11093,"F"
11094,"F"
11095,"F"
11096,"F"
11097,"F"
11098,"F"
11099,"F"
11100,"F"
11101,"F"
11102,"T"
11103,"F"
11104,"T"
11105,"F"
11106,"F"
11107,"F"
11108,"T"
11109,"F"
11110,"F"
11111,"T"
11112,"F"
11113,"F"
11114,"F"
11115,"F"
11116,"F"
11117,"F"
11118,"F"
11119,"F"
11120,"F"
11121,"F"
11122,"F"
11123,"T"
11124,"F"
11125,"T"
11126,"T"
11127,"F"
11128,"F"
11129,"T"
11130,"F"
11131,"F"
11132,"F"
11133,"F"
11134,"F"
11135,"F"
11136,"F"
11137,"F"
11138,"F"
11139,"F"
11140,"F"
11141,"F"
11142,"T"
11143,"F"
11145,"T"
11147,"F"
11148,"F"
11149,"F"
11150,"F"
11151,"T"
11152,"F"
11153,"F"
11154,"F"
11155,"T"
11156,"T"
11157,"T"
11158,"T"
11159,"F"
11160,"F"
11161,"F"
11162,"F"
11163,"F"
11164,"F"
11165,"F"
11166,"F"
11167,"F"
11168,"F"
11169,"F"
11170,"T"
11171,"F"
11172,"F"
11173,"F"
11174,"F"
11175,"F"
11176,"F"
11177,"F"
11178,"F"
11179,"F"
11180,"F"
11181,"F"
11182,"F"
11183,"F"
11184,"F"
11185,"F"
11186,"F"
11187,"F"
11188,"F"
11189,"F"
11190,"F"
11191,"F"
11192,"F"
11193,"F"
11194,"F"
11195,"F"
11196,"F"
11197,"F"
11198,"F"
11199,"F"
11200,"F"
11201,"F"
11202,"F"
11203,"T"
11204,"T"
11205,"F"
11206,"F"
11207,"F"
11208,"F"
11209,"F"
11210,"F"
11211,"F"
11212,"F"
11213,"F"
11214,"F"
11215,"F"
11216,"F"
11217,"F"
11218,"F"
11219,"F"
11220,"F"
11221,"F"
11222,"F"
11223,"F"
11224,"F"
11225,"T"
11226,"F"
11227,"F"
11229,"F"
11230,"F"
11231,"F"
11232,"F"
11233,"F"
11234,"F"
11235,"F"
11236,"F"
11237,"F"
11238,"F"
11239,"F"
11240,"F"
11241,"F"
11242,"F"
11243,"F"
11244,"T"
11245,"T"
11246,"F"
11247,"F"
11248,"F"
11249,"F"
11250,"F"
11251,"F"
11252,"F"
11253,"F"
11254,"T"
11255,"F"
11256,"F"
11257,"F"
11258,"F"
11259,"F"
11260,"F"
11261,"F"
11262,"T"
11263,"F"
11264,"T"
11265,"F"
11266,"T"
11267,"F"
11268,"F"
11269,"T"
11270,"F"
11271,"F"
11272,"F"
11273,"F"
11274,"F"
11275,"F"
11276,"F"
11277,"F"
11278,"F"
11279,"F"
11280,"F"
11281,"F"
11282,"F"
11283,"T"
11284,"T"
11285,"F"
11286,"F"
11287,"F"
11288,"F"
11289,"F"
11290,"F"
11291,"F"
11292,"F"
11293,"F"
11294,"F"
11295,"F"
11296,"T"
11297,"F"
11298,"F"
11299,"T"
11300,"F"
11301,"F"
11302,"T"
11303,"F"
11304,"F"
11305,"F"
11306,"F"
11307,"F"
11308,"F"
11309,"F"
11310,"F"
11311,"F"
11312,"F"
11313,"F"
11314,"F"
11315,"F"
11316,"F"
11317,"F"
11318,"T"
11319,"T"
11320,"F"
11321,"F"
11322,"F"
11323,"F"
11324,"F"
11325,"F"
11326,"F"
11327,"F"
11328,"F"
11329,"F"
11331,"F"
11332,"F"
11333,"F"
11334,"F"
11335,"F"
11336,"F"
11337,"T"
11338,"F"
11339,"T"
11340,"F"
11341,"F"
11342,"F"
11343,"F"
11344,"T"
11345,"F"
11346,"F"
11347,"F"
11348,"F"
11349,"F"
11350,"F"
11351,"F"
11352,"F"
11353,"F"
11354,"F"
11355,"F"
11356,"F"
11357,"F"
11358,"F"
11359,"F"
11360,"F"
11361,"T"
11362,"F"
11363,"T"
11364,"F"
11365,"F"
11366,"F"
11367,"F"
11368,"F"
11369,"F"
11370,"F"
11371,"F"
11372,"F"
11373,"T"
11374,"F"
11375,"F"
11376,"F"
11377,"F"
11378,"F"
11379,"F"
11380,"T"
11381,"F"
11382,"F"
11383,"F"
11384,"T"
11385,"F"
11386,"F"
11387,"F"
11388,"F"
11389,"F"
11390,"F"
11391,"F"
11392,"F"
11393,"F"
11394,"F"
11395,"T"
11396,"F"
11397,"F"
11399,"F"
11400,"F"
11401,"F"
11402,"F"
11403,"F"
11404,"F"
11405,"F"
11406,"T"
11407,"F"
11408,"F"
11409,"F"
11410,"F"
11411,"T"
11412,"F"
11413,"F"
11414,"F"
11415,"F"
11416,"F"
11417,"T"
11418,"T"
11419,"F"
11420,"F"
11421,"F"
11422,"F"
11423,"F"
11424,"F"
11425,"F"
11426,"F"
11427,"T"
11428,"F"
11429,"F"
11430,"F"
11431,"F"
11432,"F"
11433,"F"
11434,"F"
11435,"F"
11436,"F"
11437,"F"
11438,"F"
11439,"F"
11440,"F"
11441,"F"
11442,"T"
11443,"F"
11444,"F"
11445,"F"
11446,"T"
11447,"F"
11448,"F"
11449,"F"
11450,"F"
11451,"T"
11452,"F"
11453,"F"
11454,"F"
11455,"F"
11456,"F"
11457,"F"
11458,"F"
11459,"F"
11460,"F"
11461,"T"
11462,"F"
11463,"T"
11464,"F"
11466,"F"
11467,"F"
11468,"F"
11469,"F"
11470,"F"
11471,"F"
11472,"F"
11473,"F"
11474,"F"
11475,"F"
11476,"F"
11477,"F"
11479,"F"
11480,"F"
11481,"F"
11482,"F"
11483,"F"
11484,"T"
11485,"T"
11486,"F"
11487,"F"
11488,"F"
11490,"T"
11491,"F"
11492,"T"
11493,"F"
11494,"F"
11495,"F"
11496,"T"
11497,"F"
11498,"F"
11499,"T"
11500,"F"
11501,"T"
11502,"F"
11503,"F"
11504,"F"
11505,"F"
11506,"F"
11507,"F"
11508,"F"
11509,"F"
11510,"F"
11511,"F"
11512,"T"
11513,"T"
11514,"F"
11515,"F"
11516,"F"
11517,"T"
11518,"T"
11519,"T"
11520,"T"
11521,"F"
11522,"F"
11523,"F"
11524,"F"
11525,"T"
11526,"F"
11527,"F"
11528,"T"
11529,"F"
11530,"F"
11531,"F"
11532,"F"
11533,"F"
11534,"F"
11535,"F"
11536,"F"
11537,"F"
11538,"F"
11539,"F"
11540,"F"
11541,"F"
11542,"F"
11543,"F"
11544,"F"
11545,"T"
11546,"F"
11547,"F"
11548,"F"
11549,"F"
11550,"F"
11551,"F"
11552,"F"
11553,"F"
11554,"F"
11555,"F"
11556,"F"
11557,"F"
11558,"F"
11559,"F"
11560,"F"
11561,"F"
11562,"F"
11563,"F"
11564,"F"
11565,"F"
11566,"F"
11567,"F"
11568,"F"
11569,"T"
11570,"T"
11571,"T"
11572,"F"
11573,"T"
11574,"F"
11575,"T"
11576,"F"
11577,"T"
11578,"F"
11579,"F"
11580,"F"
11581,"F"
11582,"F"
11583,"F"
11584,"F"
11585,"F"
11586,"T"
11587,"F"
11588,"F"
11589,"F"
11590,"F"
11591,"T"
11592,"F"
11593,"F"
11594,"F"
11595,"F"
11596,"F"
11597,"F"
11598,"T"
11599,"F"
11600,"F"
11601,"T"
11602,"F"
11603,"F"
11604,"T"
11605,"F"
11606,"F"
11607,"F"
11608,"F"
11609,"F"
11610,"F"
11611,"T"
11612,"F"
11613,"F"
11614,"F"
11615,"F"
11616,"F"
11617,"T"
11618,"F"
11619,"F"
11620,"T"
11621,"T"
11622,"T"
11623,"F"
11624,"F"
11625,"F"
11626,"F"
11627,"F"
11628,"F"
11629,"T"
11630,"F"
11631,"F"
11632,"F"
11633,"F"
11634,"F"
11635,"F"
11636,"F"
11637,"F"
11638,"F"
11639,"F"
11640,"F"
11641,"F"
11642,"F"
11643,"F"
11644,"F"
11645,"F"
11646,"F"
11647,"F"
11648,"F"
11649,"F"
11650,"F"
11651,"F"
11652,"F"
11653,"F"
11654,"T"
11655,"F"
11656,"F"
11657,"F"
11658,"T"
11659,"F"
11660,"F"
11661,"F"
11662,"F"
11663,"T"
11664,"F"
11665,"F"
11666,"F"
11667,"F"
11668,"T"
11669,"F"
11670,"F"
11671,"F"
11672,"F"
11673,"F"
11674,"F"
11675,"F"
11676,"F"
11677,"F"
11678,"F"
11679,"F"
11680,"T"
11681,"T"
11682,"F"
11683,"F"
11684,"F"
11685,"F"
11686,"T"
11687,"T"
11688,"F"
11689,"F"
11690,"T"
11691,"F"
11692,"T"
11693,"F"
11694,"F"
11695,"T"
11696,"F"
11697,"F"
11698,"F"
11699,"T"
11700,"F"
11701,"F"
11702,"F"
11703,"F"
11704,"F"
11705,"F"
11706,"F"
11707,"F"
11708,"F"
11709,"F"
11710,"F"
11711,"F"
11712,"F"
11713,"F"
11714,"F"
11715,"F"
11716,"F"
11717,"F"
11718,"F"
11719,"F"
11720,"F"
11721,"F"
11722,"T"
11723,"F"
11724,"F"
11725,"F"
11726,"F"
11727,"F"
11728,"F"
11729,"F"
11730,"F"
11731,"F"
11732,"F"
11733,"F"
11735,"F"
11736,"F"
11737,"F"
11738,"F"
11739,"F"
11740,"F"
11741,"F"
11742,"F"
11743,"F"
11744,"F"
11745,"F"
11746,"F"
11747,"F"
11748,"F"
11749,"F"
11750,"F"
11751,"F"
11752,"T"
11753,"F"
11754,"F"
11755,"T"
11756,"F"
11757,"F"
11758,"F"
11759,"F"
11761,"F"
11762,"F"
11763,"F"
11764,"F"
11765,"F"
11766,"F"
11767,"F"
11768,"F"
11769,"F"
11770,"F"
11771,"F"
11772,"F"
11773,"F"
11774,"F"
11775,"F"
11776,"F"
11777,"F"
11778,"F"
11779,"F"
11780,"F"
11781,"F"
11782,"F"
11783,"F"
11784,"F"
11785,"F"
11786,"T"
11787,"F"
11788,"F"
11789,"F"
11790,"T"
11791,"F"
11792,"F"
11793,"F"
11794,"T"
11795,"T"
11796,"F"
11797,"F"
11798,"F"
11799,"F"
11800,"F"
11801,"F"
11802,"T"
11803,"F"
11804,"T"
11805,"F"
11806,"F"
11807,"T"
11808,"F"
11809,"T"
11810,"F"
11811,"F"
11812,"F"
11813,"F"
11814,"F"
11815,"F"
11816,"F"
11817,"F"
11818,"T"
11820,"F"
11821,"T"
11822,"T"
11823,"F"
11824,"F"
11825,"F"
11826,"T"
11827,"F"
11829,"F"
11830,"F"
11831,"F"
11832,"F"
11833,"T"
11834,"T"
11835,"F"
11836,"F"
11837,"F"
11838,"F"
11839,"T"
11840,"F"
11841,"T"
11842,"F"
11843,"F"
11844,"F"
11845,"F"
11846,"F"
11847,"F"
11848,"F"
11849,"F"
11850,"F"
11851,"F"
11852,"F"
11853,"T"
11854,"T"
11855,"T"
11856,"T"
11857,"F"
11858,"F"
11859,"F"
11860,"F"
11861,"F"
11862,"F"
11863,"T"
11864,"F"
11865,"F"
11866,"F"
11867,"F"
11868,"F"
11869,"F"
11870,"F"
11871,"F"
11872,"F"
11873,"F"
11874,"F"
11875,"T"
11876,"F"
11877,"F"
11878,"F"
11879,"T"
11880,"F"
11881,"F"
11882,"F"
11883,"F"
11884,"F"
11885,"F"
11886,"F"
11887,"F"
11888,"F"
11889,"F"
11890,"F"
11891,"F"
11892,"F"
11893,"F"
11894,"F"
11895,"F"
11896,"F"
11897,"T"
11898,"F"
11899,"F"
11900,"F"
11901,"F"
11902,"F"
11903,"F"
11904,"F"
11905,"F"
11906,"F"
11907,"F"
11908,"F"
11909,"T"
11910,"F"
11911,"F"
11912,"F"
11914,"T"
11915,"F"
11916,"F"
11917,"F"
11918,"F"
11919,"T"
11920,"F"
11921,"T"
11922,"F"
11923,"F"
11924,"F"
11925,"F"
11926,"F"
11927,"F"
11928,"T"
11929,"F"
11930,"F"
11931,"F"
11932,"F"
11933,"F"
11934,"T"
11935,"F"
11936,"F"
11937,"F"
11938,"F"
11939,"F"
11940,"T"
11941,"T"
11942,"F"
11943,"F"
11944,"F"
11945,"F"
11946,"F"
11947,"F"
11948,"T"
11949,"T"
11950,"T"
11951,"F"
11952,"F"
11953,"T"
11954,"F"
11955,"F"
11956,"F"
11957,"F"
11958,"F"
11959,"T"
11960,"F"
11961,"F"
11962,"F"
11963,"F"
11964,"T"
11965,"F"
11966,"F"
11967,"F"
11968,"F"
11969,"F"
11970,"F"
11971,"T"
11972,"F"
11973,"F"
11974,"T"
11975,"F"
11976,"F"
11977,"F"
11978,"F"
11979,"F"
11980,"F"
11981,"F"
11982,"T"
11983,"F"
11984,"F"
11985,"F"
11986,"F"
11987,"T"
11988,"F"
11989,"F"
11990,"F"
11991,"F"
11992,"F"
11993,"T"
11994,"T"
11995,"T"
11996,"F"
11997,"F"
11999,"F"
12000,"F"
12001,"F"
12002,"F"
12003,"T"
12004,"F"
12005,"F"
12006,"F"
12007,"F"
12008,"F"
12009,"T"
12010,"T"
12011,"F"
12012,"F"
12013,"F"
12014,"F"
12015,"F"
12016,"F"
12017,"F"
12018,"F"
12019,"F"
12020,"F"
12021,"F"
12022,"F"
12023,"T"
12024,"F"
12026,"F"
12027,"F"
12028,"F"
12029,"F"
12030,"T"
12031,"F"
12032,"F"
12033,"F"
12034,"F"
12035,"F"
12036,"F"
12037,"T"
12038,"T"
12039,"F"
12040,"T"
12041,"F"
12042,"T"
12043,"F"
12044,"F"
12045,"F"
12046,"F"
12047,"F"
12048,"F"
12049,"F"
12050,"F"
12051,"F"
12052,"F"
12053,"F"
12054,"F"
12055,"F"
12056,"F"
12057,"F"
12058,"F"
12059,"F"
12060,"F"
12061,"F"
12062,"F"
12063,"F"
12064,"F"
12065,"F"
12066,"F"
12067,"F"
12068,"F"
12069,"F"
12070,"F"
12071,"F"
12072,"T"
12073,"F"
12074,"F"
12075,"F"
12076,"F"
12077,"F"
12078,"F"
12079,"F"
12080,"F"
12081,"F"
12082,"F"
12083,"T"
12084,"F"
12085,"F"
12086,"T"
12087,"F"
12088,"F"
12089,"F"
12090,"F"
12091,"F"
12092,"T"
12093,"T"
12094,"F"
12095,"F"
12096,"F"
12097,"F"
12098,"F"
12099,"F"
12100,"F"
12101,"F"
12102,"F"
12103,"F"
12104,"F"
12105,"F"
12106,"T"
12107,"F"
12108,"F"
12109,"F"
12110,"F"
12111,"F"
12112,"F"
12113,"F"
12114,"F"
12115,"F"
12116,"F"
12117,"T"
12118,"F"
12119,"T"
12120,"F"
12121,"F"
12122,"F"
12123,"F"
12124,"F"
12125,"T"
12126,"T"
12127,"F"
12128,"F"
12129,"F"
12130,"F"
12131,"T"
12132,"F"
12133,"F"
12134,"T"
12135,"F"
12136,"F"
12137,"F"
12138,"F"
12139,"T"
12140,"F"
12141,"F"
12142,"F"
12143,"F"
12144,"F"
12145,"T"
12146,"F"
12147,"T"
12148,"F"
12149,"F"
12150,"F"
12151,"F"
12152,"F"
12153,"F"
12154,"T"
12155,"T"
12156,"F"
12157,"F"
12158,"F"
12159,"T"
12160,"F"
12161,"F"
12162,"F"
12163,"F"
12164,"T"
12165,"F"
12166,"T"
12167,"F"
12168,"F"
12169,"T"
12170,"F"
12171,"F"
12172,"F"
12173,"T"
12174,"F"
12175,"F"
12176,"F"
12177,"T"
12178,"F"
12179,"F"
12180,"F"
12181,"F"
12182,"F"
12183,"F"
12184,"F"
12185,"F"
12186,"F"
12187,"F"
12188,"F"
12189,"F"
12190,"F"
12191,"F"
12192,"F"
12193,"F"
12195,"F"
12196,"F"
12197,"F"
12198,"F"
12199,"F"
12200,"F"
12201,"F"
12202,"F"
12203,"F"
12204,"F"
12205,"F"
12206,"F"
12207,"F"
12208,"F"
12209,"F"
12210,"F"
12211,"F"
12212,"F"
12213,"F"
12214,"F"
12215,"F"
12216,"T"
12217,"F"
12218,"T"
12219,"F"
12220,"F"
12221,"F"
12222,"F"
12223,"F"
12224,"F"
12225,"F"
12226,"F"
12227,"F"
12228,"F"
12229,"F"
12230,"F"
12231,"F"
12232,"F"
12233,"F"
12234,"F"
12235,"F"
12236,"F"
12237,"F"
12238,"F"
12239,"F"
12240,"T"
12241,"T"
12242,"F"
12243,"F"
12244,"F"
12245,"F"
12246,"F"
12247,"F"
12248,"F"
12249,"F"
12250,"F"
12251,"F"
12252,"F"
12253,"F"
12254,"F"
12255,"F"
12256,"F"
12257,"F"
12258,"F"
12259,"T"
12260,"F"
12261,"F"
12262,"F"
12263,"F"
12264,"F"
12265,"F"
12266,"F"
12267,"T"
12268,"F"
12269,"F"
12270,"F"
12271,"F"
12272,"F"
12273,"F"
12274,"F"
12275,"F"
12276,"F"
12277,"F"
12278,"T"
12279,"F"
12280,"T"
12281,"F"
12282,"T"
12283,"F"
12284,"F"
12285,"T"
12286,"T"
12287,"F"
12288,"F"
12289,"F"
12290,"F"
12291,"F"
12292,"F"
12293,"F"
12294,"F"
12295,"F"
12296,"T"
12297,"F"
12298,"F"
12299,"F"
12300,"F"
12301,"F"
12302,"T"
12303,"T"
12304,"T"
12305,"F"
12306,"T"
12307,"F"
12308,"F"
12309,"F"
12310,"F"
12311,"F"
12312,"F"
12313,"T"
12314,"F"
12315,"F"
12316,"F"
12317,"F"
12318,"F"
12319,"F"
12320,"F"
12321,"F"
12322,"T"
12323,"T"
12324,"F"
12325,"T"
12327,"F"
12328,"F"
12329,"T"
12330,"T"
12331,"F"
12332,"F"
12333,"F"
12334,"F"
12335,"F"
12336,"T"
12337,"F"
12338,"F"
12339,"F"
12340,"T"
12341,"F"
12342,"F"
12343,"F"
12344,"T"
12345,"F"
12346,"F"
12347,"F"
12348,"F"
12349,"F"
12350,"F"
12351,"F"
12352,"F"
12353,"F"
12354,"F"
12355,"F"
12356,"F"
12357,"F"
12358,"F"
12359,"F"
12360,"F"
12361,"T"
12362,"F"
12363,"F"
12364,"T"
12365,"F"
12366,"F"
12367,"F"
12368,"F"
12369,"F"
12370,"F"
12371,"F"
12372,"T"
12373,"F"
12374,"F"
12375,"F"
12376,"F"
12377,"T"
12378,"F"
12379,"T"
12380,"F"
12381,"F"
12382,"F"
12383,"F"
12384,"F"
12385,"F"
12386,"T"
12387,"F"
12388,"F"
12389,"T"
12390,"T"
12391,"T"
12392,"F"
12393,"F"
12394,"F"
12395,"F"
12396,"F"
12397,"F"
12398,"F"
12399,"F"
12400,"F"
12401,"F"
12402,"F"
12403,"T"
12404,"F"
12405,"F"
12406,"T"
12407,"T"
12408,"F"
12409,"F"
12410,"F"
12411,"F"
12412,"F"
12413,"F"
12414,"F"
12415,"T"
12416,"F"
12417,"F"
12418,"F"
12419,"F"
12420,"F"
12421,"F"
12422,"F"
12423,"F"
12424,"F"
12425,"F"
12426,"F"
12427,"F"
12428,"F"
12429,"F"
12430,"F"
12431,"F"
12432,"F"
12433,"F"
12434,"T"
12435,"F"
12436,"F"
12437,"F"
12438,"F"
12439,"F"
12440,"F"
12441,"F"
12443,"F"
12444,"F"
12445,"F"
12446,"F"
12447,"T"
12448,"F"
12449,"F"
12450,"F"
12451,"T"
12452,"F"
12453,"F"
12454,"F"
12455,"T"
12456,"F"
12457,"F"
12458,"F"
12459,"F"
12460,"F"
12461,"F"
12462,"T"
12463,"F"
12464,"F"
12465,"F"
12466,"F"
12467,"F"
12468,"F"
12469,"T"
12470,"T"
12471,"F"
12472,"F"
12473,"F"
12474,"F"
12475,"T"
12476,"F"
12477,"F"
12478,"F"
12479,"F"
12480,"F"
12481,"F"
12482,"F"
12483,"F"
12484,"T"
12485,"F"
12486,"F"
12487,"F"
12488,"F"
12489,"F"
12490,"F"
12491,"F"
12492,"F"
12493,"F"
12494,"F"
12495,"F"
12496,"T"
12497,"F"
12498,"F"
12499,"F"
12500,"F"
12501,"F"
12502,"F"
12503,"F"
12504,"T"
12506,"F"
12507,"T"
12508,"F"
12510,"F"
12511,"F"
12512,"F"
12513,"F"
12514,"F"
12515,"F"
12516,"F"
12517,"F"
12518,"F"
12519,"F"
12520,"F"
12521,"F"
12522,"F"
12523,"F"
12524,"F"
12525,"F"
12526,"F"
12527,"F"
12528,"F"
12529,"F"
12530,"F"
12531,"F"
12532,"F"
12533,"T"
12534,"F"
12535,"F"
12537,"F"
12538,"F"
12539,"F"
12540,"F"
12541,"F"
12542,"T"
12543,"T"
12544,"T"
12545,"F"
12546,"F"
12547,"F"
12548,"F"
12549,"T"
12550,"F"
12551,"F"
12552,"F"
12553,"F"
12554,"F"
12555,"F"
12556,"F"
12557,"F"
12558,"F"
12559,"F"
12560,"F"
12561,"T"
12562,"F"
12563,"F"
12564,"F"
12566,"F"
12567,"T"
12568,"F"
12569,"T"
12570,"F"
12571,"F"
12572,"F"
12573,"F"
12574,"F"
12575,"F"
12576,"T"
12577,"F"
12578,"F"
12579,"F"
12580,"F"
12581,"F"
12582,"T"
12583,"F"
12584,"F"
12585,"F"
12586,"F"
12587,"F"
12588,"F"
12589,"F"
12590,"F"
12591,"F"
12592,"F"
12593,"F"
12594,"F"
12595,"F"
12596,"T"
12597,"F"
12598,"T"
12599,"F"
12600,"F"
12601,"F"
12602,"F"
12603,"F"
12604,"F"
12605,"F"
12606,"T"
12607,"F"
12608,"F"
12609,"F"
12610,"F"
12611,"F"
12612,"F"
12613,"F"
12614,"F"
12615,"F"
12616,"F"
12617,"F"
12618,"F"
12619,"F"
12620,"F"
12621,"F"
12622,"F"
12623,"F"
12624,"F"
12625,"F"
12626,"T"
12627,"T"
12628,"F"
12629,"F"
12630,"F"
12631,"F"
12632,"F"
12633,"F"
12634,"F"
12635,"T"
12636,"T"
12637,"F"
12638,"T"
12639,"F"
12640,"F"
12641,"F"
12642,"F"
12643,"F"
12644,"T"
12645,"F"
12646,"F"
12647,"F"
12648,"F"
12649,"F"
12650,"F"
12651,"F"
12652,"F"
12653,"F"
12654,"F"
12655,"F"
12656,"F"
12657,"F"
12658,"T"
12659,"F"
12660,"F"
12661,"F"
12662,"T"
12663,"F"
12664,"F"
12665,"F"
12666,"F"
12667,"F"
12668,"T"
12669,"F"
12670,"F"
12672,"T"
12673,"T"
12674,"F"
12675,"T"
12676,"F"
12677,"T"
12678,"F"
12679,"F"
12680,"F"
12681,"F"
12682,"F"
12683,"F"
12684,"F"
12685,"T"
12686,"F"
12687,"T"
12688,"F"
12689,"F"
12690,"F"
12691,"F"
12692,"F"
12693,"F"
12694,"F"
12695,"F"
12696,"F"
12697,"F"
12698,"F"
12699,"F"
12700,"F"
12701,"F"
12702,"T"
12703,"F"
12704,"F"
12705,"F"
12706,"F"
12707,"F"
12708,"F"
12710,"F"
12711,"T"
12712,"F"
12713,"F"
12714,"F"
12715,"F"
12716,"F"
12717,"F"
12718,"F"
12719,"F"
12720,"F"
12721,"F"
12722,"F"
12723,"T"
12724,"F"
12725,"F"
12726,"F"
12727,"F"
12728,"F"
12729,"F"
12730,"F"
12731,"F"
12732,"F"
12733,"F"
12734,"F"
12735,"T"
12736,"F"
12737,"F"
12738,"F"
12739,"F"
12740,"F"
12741,"T"
12742,"F"
12743,"F"
12744,"F"
12745,"T"
12746,"F"
12747,"F"
12748,"F"
12749,"F"
12750,"F"
12751,"F"
12752,"T"
12753,"F"
12754,"F"
12755,"F"
12756,"F"
12757,"F"
12758,"T"
12759,"F"
12760,"F"
12761,"F"
12762,"F"
12763,"F"
12764,"F"
12765,"F"
12766,"F"
12767,"F"
12768,"F"
12769,"F"
12770,"F"
12771,"F"
12772,"F"
12773,"F"
12774,"F"
12775,"F"
12776,"F"
12777,"F"
12778,"F"
12779,"T"
12780,"F"
12781,"F"
12782,"T"
12783,"F"
12784,"T"
12785,"F"
12786,"F"
12787,"F"
12788,"F"
12789,"F"
12790,"T"
12791,"F"
12792,"F"
12793,"F"
12794,"F"
12795,"F"
12796,"F"
12797,"F"
12798,"F"
12799,"F"
12800,"T"
12801,"F"
12802,"T"
12803,"F"
12804,"F"
12805,"F"
12806,"F"
12807,"F"
12808,"F"
12809,"F"
12810,"F"
12811,"T"
12812,"F"
12813,"F"
12814,"T"
12815,"T"
12816,"T"
12817,"F"
12818,"T"
12819,"T"
12820,"F"
12821,"F"
12822,"F"
12823,"F"
12824,"F"
12825,"F"
12826,"F"
12827,"F"
12828,"F"
12829,"T"
12830,"T"
12831,"T"
12832,"F"
12833,"F"
12834,"F"
12835,"T"
12836,"F"
12837,"F"
12838,"F"
12839,"F"
12840,"F"
12841,"F"
12842,"F"
12843,"F"
12844,"F"
12845,"F"
12846,"F"
12847,"T"
12848,"F"
12849,"F"
12850,"F"
12851,"F"
12852,"T"
12853,"F"
12854,"F"
12855,"F"
12856,"F"
12857,"F"
12858,"F"
12859,"F"
12860,"F"
12861,"F"
12862,"T"
12864,"F"
12865,"T"
12866,"F"
12867,"T"
12868,"F"
12869,"T"
12870,"F"
12871,"F"
12872,"T"
12873,"F"
12874,"T"
12875,"F"
12876,"F"
12877,"F"
12878,"F"
12879,"F"
12880,"F"
12881,"T"
12882,"F"
12883,"F"
12884,"F"
12885,"F"
12886,"F"
12887,"F"
12888,"F"
12890,"F"
12891,"F"
12892,"F"
12893,"F"
12894,"F"
12895,"F"
12896,"F"
12897,"F"
12898,"F"
12899,"F"
12900,"F"
12901,"F"
12902,"F"
12903,"F"
12904,"F"
12905,"F"
12906,"F"
12907,"T"
12908,"F"
12909,"T"
12910,"F"
12911,"F"
12912,"F"
12913,"F"
12914,"F"
12915,"F"
12916,"T"
12917,"F"
12918,"F"
12919,"F"
12920,"T"
12921,"F"
12922,"T"
12923,"F"
12925,"F"
12926,"F"
12927,"F"
12928,"F"
12929,"T"
12930,"F"
12931,"T"
12932,"F"
12933,"F"
12934,"T"
12935,"F"
12936,"F"
12937,"F"
12938,"F"
12939,"F"
12940,"F"
12941,"F"
12942,"F"
12943,"T"
12944,"F"
12945,"F"
12946,"F"
12947,"F"
12948,"T"
12949,"F"
12950,"T"
12951,"F"
12952,"F"
12953,"F"
12954,"F"
12955,"F"
12956,"F"
12957,"F"
12958,"F"
12959,"F"
12960,"F"
12961,"F"
12962,"T"
12963,"F"
12964,"F"
12965,"F"
12966,"F"
12967,"F"
12968,"T"
12969,"F"
12970,"T"
12971,"F"
12972,"F"
12973,"F"
12974,"F"
12975,"T"
12976,"F"
12977,"F"
12978,"T"
12979,"F"
12980,"F"
12981,"F"
12982,"F"
12983,"F"
12984,"F"
12985,"F"
12986,"F"
12987,"T"
12988,"F"
12989,"T"
12990,"F"
12991,"F"
12992,"F"
12993,"F"
12994,"F"
12995,"T"
12996,"T"
12997,"F"
12998,"F"
12999,"F"
13000,"T"
13001,"T"
13002,"T"
13003,"F"
13004,"F"
13005,"F"
13006,"F"
13007,"T"
13008,"F"
13009,"F"
13010,"F"
13011,"F"
13012,"F"
13013,"F"
13014,"F"
13015,"F"
13016,"F"
13017,"F"
13018,"F"
13019,"F"
13020,"F"
13021,"F"
13022,"T"
13023,"F"
13024,"F"
13025,"T"
13026,"F"
13027,"F"
13028,"F"
13029,"F"
13030,"F"
13031,"T"
13032,"F"
13033,"F"
13034,"T"
13035,"F"
13036,"T"
13037,"F"
13038,"T"
13039,"F"
13040,"F"
13041,"T"
13042,"F"
13043,"F"
13044,"T"
13045,"F"
13046,"F"
13047,"T"
13048,"F"
13049,"F"
13050,"F"
13051,"F"
13052,"F"
13053,"T"
13054,"F"
13055,"F"
13056,"F"
13057,"F"
13058,"F"
13059,"T"
13060,"F"
13061,"F"
13062,"F"
13063,"F"
13064,"F"
13065,"F"
13066,"F"
13067,"F"
13068,"F"
13069,"F"
13070,"F"
13071,"F"
13072,"F"
13073,"T"
13074,"F"
13075,"F"
13076,"T"
13077,"F"
13078,"T"
13079,"F"
13080,"F"
13081,"F"
13082,"F"
13083,"F"
13084,"F"
13085,"T"
13086,"F"
13087,"F"
13088,"F"
13089,"F"
13090,"F"
13091,"F"
13092,"T"
13093,"F"
13094,"F"
13095,"F"
13096,"F"
13097,"F"
13098,"F"
13099,"F"
13100,"T"
13101,"F"
13102,"F"
13103,"F"
13104,"T"
13105,"F"
13106,"F"
13107,"F"
13108,"F"
13109,"T"
13110,"F"
13111,"F"
13112,"F"
13113,"F"
13114,"F"
13115,"F"
13116,"F"
13117,"F"
13118,"F"
13119,"F"
13120,"F"
13121,"F"
13122,"F"
13123,"F"
13124,"F"
13125,"F"
13126,"F"
13127,"F"
13128,"F"
13129,"F"
13130,"F"
13131,"F"
13132,"F"
13133,"T"
13134,"F"
13135,"F"
13136,"F"
13137,"F"
13138,"F"
13139,"F"
13140,"F"
13141,"F"
13142,"F"
13143,"F"
13144,"F"
13145,"F"
13146,"F"
13147,"F"
13148,"F"
13149,"F"
13150,"F"
13151,"F"
13152,"F"
13153,"F"
13154,"F"
13155,"F"
13156,"F"
13157,"F"
13158,"F"
13159,"F"
13160,"F"
13161,"F"
13162,"T"
13163,"T"
13164,"F"
13165,"F"
13166,"F"
13167,"F"
13168,"F"
13169,"F"
13170,"F"
13171,"F"
13172,"T"
13173,"F"
13174,"F"
13175,"F"
13176,"F"
13178,"F"
13179,"F"
13180,"F"
13181,"F"
13182,"F"
13183,"F"
13184,"T"
13185,"F"
13186,"F"
13187,"F"
13188,"F"
13189,"F"
13190,"F"
13191,"T"
13192,"F"
13193,"F"
13194,"F"
13195,"F"
13196,"F"
13197,"F"
13199,"F"
13200,"F"
13201,"F"
13202,"F"
13203,"F"
13204,"T"
13205,"F"
13206,"F"
13207,"F"
13208,"F"
13209,"F"
13210,"F"
13211,"F"
13212,"F"
13213,"F"
13214,"F"
13215,"F"
13216,"T"
13217,"F"
13218,"F"
13219,"F"
13220,"F"
13221,"F"
13222,"F"
13223,"F"
13224,"F"
13225,"F"
13226,"F"
13227,"F"
13228,"T"
13229,"T"
13230,"F"
13231,"F"
13232,"F"
13233,"F"
13234,"F"
13235,"F"
13236,"T"
13238,"F"
13239,"F"
13240,"F"
13241,"F"
13242,"F"
13243,"F"
13244,"F"
13245,"F"
13246,"F"
13247,"F"
13248,"F"
13249,"F"
13250,"F"
13252,"F"
13254,"F"
13255,"T"
13256,"T"
13257,"T"
13258,"F"
13259,"F"
13260,"F"
13261,"F"
13262,"F"
13263,"F"
13264,"F"
13265,"F"
13266,"T"
13267,"F"
13268,"F"
13269,"F"
13270,"F"
13271,"F"
13272,"F"
13273,"F"
13274,"T"
13275,"T"
13276,"F"
13277,"F"
13278,"F"
13279,"T"
13280,"F"
13281,"F"
13282,"F"
13283,"F"
13284,"T"
13285,"F"
13286,"T"
13287,"F"
13288,"F"
13289,"F"
13290,"F"
13291,"F"
13292,"F"
13293,"F"
13294,"F"
13295,"T"
13296,"F"
13297,"F"
13298,"F"
13299,"F"
13300,"T"
13301,"F"
13302,"F"
13303,"F"
13304,"F"
13305,"F"
13306,"F"
13307,"F"
13308,"F"
13309,"T"
13310,"F"
13311,"T"
13312,"T"
13313,"F"
13314,"T"
13315,"F"
13316,"F"
13317,"F"
13318,"F"
13319,"T"
13320,"T"
13321,"F"
13322,"T"
13323,"T"
13324,"T"
13325,"F"
13326,"F"
13327,"F"
13328,"F"
13329,"F"
13330,"F"
13331,"T"
13332,"F"
13333,"F"
13334,"F"
13335,"F"
13336,"F"
13337,"F"
13338,"F"
13339,"F"
13340,"F"
13341,"F"
13342,"F"
13343,"F"
13344,"F"
13345,"F"
13346,"F"
13347,"F"
13348,"F"
13349,"F"
13350,"F"
13351,"F"
13352,"F"
13353,"F"
13354,"T"
13355,"F"
13356,"F"
13357,"F"
13358,"F"
13359,"F"
13360,"F"
13361,"F"
13362,"F"
13363,"F"
13364,"F"
13365,"F"
13366,"F"
13367,"T"
13368,"F"
13369,"F"
13370,"F"
13371,"T"
13372,"F"
13373,"T"
13374,"F"
13375,"F"
13376,"F"
13377,"F"
13378,"F"
13379,"F"
13380,"F"
13381,"F"
13382,"F"
13383,"T"
13384,"F"
13385,"F"
13386,"F"
13387,"T"
13388,"F"
13389,"F"
13390,"T"
13391,"F"
13392,"F"
13393,"F"
13394,"F"
13395,"T"
13396,"F"
13397,"F"
13398,"F"
13399,"T"
13400,"F"
13401,"F"
13402,"T"
13403,"F"
13404,"F"
13405,"F"
13406,"F"
13407,"F"
13408,"F"
13409,"F"
13410,"F"
13411,"T"
13412,"F"
13413,"F"
13414,"F"
13415,"T"
13416,"T"
13417,"F"
13418,"T"
13419,"T"
13420,"F"
13421,"F"
13422,"F"
13423,"F"
13424,"F"
13425,"F"
13426,"F"
13427,"F"
13428,"F"
13429,"F"
13430,"F"
13431,"F"
13432,"F"
13433,"F"
13434,"F"
13435,"F"
13436,"F"
13437,"F"
13438,"T"
13439,"F"
13440,"F"
13441,"F"
13442,"F"
13443,"F"
13444,"F"
13445,"F"
13446,"F"
13447,"F"
13448,"F"
13450,"F"
13451,"F"
13452,"F"
13453,"T"
13454,"F"
13455,"F"
13456,"F"
13457,"F"
13458,"F"
13459,"F"
13460,"F"
13461,"F"
13463,"F"
13464,"F"
13465,"F"
13466,"F"
13467,"F"
13468,"T"
13469,"F"
13470,"F"
13471,"F"
13472,"F"
13473,"F"
13474,"F"
13475,"T"
13476,"F"
13477,"F"
13478,"F"
13479,"F"
13480,"T"
13481,"F"
13482,"F"
13483,"F"
13484,"F"
13485,"F"
13486,"F"
13487,"F"
13488,"F"
13489,"F"
13490,"F"
13491,"F"
13492,"F"
13493,"T"
13494,"T"
13495,"F"
13496,"F"
13497,"F"
13498,"F"
13499,"F"
13500,"F"
13501,"F"
13503,"T"
13504,"F"
13505,"F"
13506,"F"
13507,"T"
13508,"F"
13509,"F"
13510,"F"
13511,"F"
13512,"F"
13513,"F"
13514,"F"
13515,"F"
13516,"T"
13517,"T"
13518,"F"
13519,"F"
13520,"F"
13521,"F"
13522,"F"
13523,"F"
13524,"F"
13525,"F"
13526,"T"
13527,"F"
13528,"T"
13529,"F"
13530,"F"
13531,"F"
13532,"F"
13533,"F"
13534,"F"
13535,"F"
13536,"F"
13537,"F"
13538,"T"
13539,"F"
13540,"F"
13541,"F"
13542,"F"
13543,"F"
13544,"T"
13545,"F"
13546,"F"
13547,"F"
13548,"F"
13549,"F"
13550,"F"
13551,"F"
13552,"F"
13553,"T"
13554,"T"
13555,"F"
13556,"T"
13557,"T"
13558,"F"
13559,"F"
13560,"F"
13561,"F"
13562,"F"
13563,"F"
13564,"F"
13565,"F"
13566,"F"
13567,"F"
13568,"F"
13569,"F"
13570,"F"
13571,"F"
13572,"T"
13573,"F"
13574,"F"
13575,"F"
13576,"T"
13577,"F"
13578,"F"
13579,"F"
13580,"F"
13581,"F"
13582,"F"
13583,"F"
13584,"T"
13585,"F"
13586,"F"
13587,"T"
13588,"F"
13589,"F"
13590,"F"
13591,"F"
13592,"F"
13593,"F"
13594,"F"
13595,"F"
13596,"F"
13597,"F"
13598,"F"
13599,"F"
13600,"F"
13601,"F"
13603,"F"
13604,"F"
13605,"F"
13606,"F"
13607,"F"
13608,"F"
13609,"F"
13610,"F"
13611,"F"
13612,"F"
13613,"F"
13614,"T"
13615,"F"
13616,"F"
13617,"F"
13618,"T"
13619,"F"
13620,"F"
13621,"F"
13622,"F"
13623,"F"
13624,"F"
13625,"F"
13626,"F"
13627,"F"
13628,"F"
13629,"T"
13630,"T"
13631,"F"
13632,"T"
13633,"F"
13634,"F"
13635,"T"
13636,"F"
13637,"T"
13638,"F"
13639,"F"
13640,"T"
13641,"T"
13642,"F"
13643,"F"
13644,"T"
13645,"T"
13646,"F"
13647,"F"
13648,"F"
13649,"T"
13650,"F"
13651,"F"
13652,"T"
13653,"F"
13654,"T"
13655,"F"
13656,"T"
13657,"F"
13658,"T"
13659,"F"
13660,"F"
13661,"F"
13662,"T"
13663,"F"
13664,"F"
13665,"F"
13666,"F"
13667,"T"
13668,"F"
13669,"T"
13670,"F"
13671,"T"
13672,"F"
13673,"F"
13674,"F"
13675,"F"
13676,"F"
13677,"F"
13678,"F"
13679,"F"
13680,"F"
13681,"T"
13682,"F"
13683,"F"
13684,"F"
13685,"F"
13686,"F"
13687,"T"
13688,"F"
13689,"F"
13690,"T"
13691,"F"
13692,"F"
13693,"F"
13694,"F"
13695,"F"
13696,"F"
13697,"F"
13698,"F"
13699,"F"
13700,"T"
13701,"F"
13702,"T"
13703,"F"
13704,"T"
13705,"F"
13706,"F"
13707,"F"
13708,"F"
13709,"T"
13710,"F"
13711,"F"
13712,"F"
13713,"F"
13714,"F"
13715,"F"
13716,"F"
13717,"F"
13718,"F"
13719,"T"
13720,"F"
13721,"F"
13722,"F"
13723,"F"
13724,"F"
13725,"F"
13726,"F"
13727,"T"
13728,"F"
13729,"F"
13730,"F"
13731,"F"
13732,"T"
13733,"T"
13734,"F"
13735,"F"
13736,"F"
13737,"F"
13738,"T"
13739,"F"
13740,"F"
13741,"F"
13742,"F"
13743,"F"
13744,"F"
13745,"F"
13746,"F"
13747,"F"
13748,"F"
13749,"F"
13750,"T"
13751,"T"
13752,"F"
13753,"T"
13754,"F"
13755,"F"
13756,"F"
13757,"F"
13758,"F"
13759,"F"
13760,"F"
13761,"T"
13762,"F"
13763,"F"
13764,"F"
13765,"T"
13766,"F"
13767,"F"
13768,"F"
13769,"F"
13770,"F"
13771,"T"
13772,"F"
13773,"F"
13774,"T"
13775,"F"
13776,"F"
13777,"F"
13778,"F"
13779,"T"
13780,"F"
13781,"F"
13782,"F"
13783,"T"
13784,"F"
13785,"F"
13786,"F"
13787,"F"
13788,"F"
13789,"F"
13790,"T"
13791,"F"
13792,"T"
13793,"F"
13794,"F"
13795,"F"
13796,"T"
13797,"F"
13798,"F"
13799,"F"
13800,"F"
13801,"F"
13802,"F"
13803,"F"
13804,"F"
13805,"F"
13806,"T"
13807,"F"
13808,"F"
13809,"F"
13810,"F"
13811,"F"
13812,"F"
13813,"F"
13814,"F"
13815,"T"
13816,"F"
13817,"F"
13818,"F"
13819,"T"
13820,"F"
13821,"T"
13822,"T"
13823,"F"
13824,"F"
13825,"F"
13826,"T"
13827,"T"
13828,"T"
13829,"F"
13831,"F"
13832,"F"
13833,"F"
13834,"F"
13835,"F"
13836,"F"
13837,"F"
13838,"F"
13839,"F"
13840,"F"
13841,"F"
13842,"F"
13843,"F"
13844,"F"
13845,"F"
13846,"F"
13847,"F"
13848,"F"
13849,"F"
13850,"F"
13851,"F"
13852,"T"
13853,"F"
13854,"F"
13855,"F"
13856,"F"
13857,"F"
13858,"F"
13859,"F"
13860,"F"
13861,"F"
13862,"F"
13863,"F"
13864,"F"
13865,"F"
13866,"F"
13867,"T"
13868,"F"
13869,"F"
13870,"F"
13871,"F"
13872,"T"
13873,"F"
13874,"F"
13875,"F"
13876,"F"
13877,"F"
13878,"T"
13879,"F"
13880,"F"
13881,"T"
13882,"T"
13883,"F"
13884,"F"
13885,"F"
13886,"F"
13887,"F"
13888,"F"
13889,"F"
13890,"F"
13891,"F"
13892,"F"
13893,"F"
13894,"F"
13895,"F"
13896,"F"
13897,"F"
13898,"F"
13899,"F"
13900,"F"
13901,"F"
13902,"T"
13903,"F"
13904,"F"
13905,"F"
13906,"T"
13907,"F"
13908,"F"
13909,"T"
13910,"F"
13911,"F"
13912,"F"
13913,"F"
13914,"F"
13915,"F"
13916,"F"
13917,"F"
13918,"F"
13919,"T"
13920,"F"
13921,"F"
13922,"F"
13923,"T"
13924,"F"
13925,"F"
13926,"F"
13927,"F"
13928,"T"
13929,"F"
13930,"F"
13931,"F"
13932,"T"
13933,"F"
13934,"F"
13935,"F"
13936,"F"
13937,"F"
13938,"F"
13939,"F"
13940,"F"
13941,"T"
13942,"T"
13943,"F"
13944,"F"
13945,"F"
13946,"F"
13947,"F"
13948,"T"
13949,"T"
13950,"F"
13951,"F"
13952,"T"
13953,"F"
13954,"F"
13955,"T"
13956,"F"
13957,"F"
13958,"F"
13959,"F"
13960,"F"
13961,"F"
13962,"T"
13963,"T"
13964,"F"
13965,"T"
13966,"F"
13967,"F"
13968,"T"
13969,"F"
13970,"T"
13971,"F"
13972,"F"
13973,"F"
13975,"F"
13976,"F"
13977,"F"
13978,"F"
13980,"F"
13981,"F"
13982,"F"
13983,"F"
13984,"F"
13985,"F"
13986,"F"
13988,"F"
13989,"F"
13990,"F"
13991,"T"
13992,"F"
13993,"F"
13994,"F"
13995,"F"
13996,"F"
13997,"T"
13998,"T"
13999,"F"
14000,"F"
14001,"F"
14002,"F"
14003,"F"
14004,"F"
14005,"F"
14006,"T"
14007,"F"
14008,"T"
14009,"F"
14010,"F"
14011,"F"
14012,"F"
14013,"F"
14015,"F"
14016,"F"
14017,"F"
14018,"T"
14019,"T"
14020,"F"
14021,"F"
14022,"F"
14023,"F"
14024,"F"
14025,"F"
14026,"F"
14027,"F"
14028,"F"
14029,"F"
14030,"T"
14031,"F"
14032,"F"
14033,"T"
14034,"T"
14035,"F"
14036,"F"
14037,"F"
14038,"F"
14039,"F"
14040,"F"
14041,"F"
14042,"F"
14043,"F"
14044,"F"
14045,"F"
14046,"F"
14047,"F"
14048,"F"
14049,"F"
14050,"F"
14051,"F"
14052,"F"
14053,"F"
14054,"F"
14055,"F"
14056,"F"
14057,"F"
14058,"F"
14059,"F"
14060,"F"
14061,"F"
14062,"F"
14064,"F"
14065,"T"
14066,"F"
14067,"T"
14068,"F"
14069,"F"
14070,"F"
14071,"F"
14072,"F"
14073,"F"
14074,"F"
14075,"F"
14076,"T"
14077,"F"
14078,"F"
14079,"T"
14080,"F"
14081,"F"
14082,"F"
14083,"T"
14084,"F"
14085,"F"
14086,"F"
14087,"F"
14088,"F"
14089,"F"
14090,"F"
14091,"F"
14092,"F"
14093,"F"
14094,"F"
14095,"F"
14096,"F"
14097,"F"
14098,"F"
14099,"F"
14100,"F"
14101,"T"
14102,"T"
14103,"F"
14104,"F"
14106,"F"
14107,"F"
14108,"F"
14109,"F"
14110,"T"
14111,"T"
14112,"T"
14114,"F"
14115,"T"
14116,"T"
14117,"F"
14118,"F"
14119,"F"
14120,"F"
14121,"F"
14122,"F"
14123,"F"
14124,"F"
14125,"F"
14126,"F"
14127,"F"
14128,"F"
14129,"F"
14130,"T"
14131,"T"
14132,"F"
14133,"F"
14134,"F"
14135,"F"
14136,"F"
14137,"F"
14138,"F"
14139,"F"
14140,"T"
14141,"F"
14142,"F"
14143,"T"
14144,"F"
14145,"F"
14146,"T"
14147,"F"
14148,"F"
14149,"T"
14150,"F"
14151,"F"
14152,"F"
14153,"F"
14154,"T"
14155,"F"
14156,"F"
14157,"F"
14158,"F"
14159,"T"
14160,"F"
14161,"F"
14162,"F"
14163,"F"
14164,"F"
14165,"F"
14166,"F"
14167,"T"
14168,"F"
14169,"F"
14170,"F"
14171,"F"
14172,"F"
14173,"F"
14174,"F"
14175,"F"
14176,"F"
14177,"F"
14178,"F"
14179,"F"
14180,"F"
14181,"F"
14182,"F"
14183,"T"
14185,"F"
14186,"T"
14187,"F"
14188,"T"
14189,"F"
14190,"F"
14191,"F"
14192,"F"
14193,"F"
14194,"F"
14195,"F"
14196,"F"
14197,"F"
14198,"F"
14199,"T"
14200,"F"
14201,"F"
14202,"F"
14203,"F"
14204,"F"
14205,"F"
14206,"F"
14207,"F"
14208,"F"
14209,"F"
14210,"F"
14211,"F"
14212,"F"
14213,"F"
14214,"F"
14215,"F"
14216,"F"
14217,"F"
14218,"T"
14219,"F"
14220,"F"
14221,"F"
14222,"T"
14223,"F"
14224,"T"
14225,"F"
14226,"F"
14227,"F"
14228,"F"
14229,"F"
14230,"F"
14231,"T"
14232,"F"
14233,"F"
14234,"F"
14235,"F"
14236,"F"
14237,"F"
14238,"F"
14239,"F"
14240,"F"
14241,"F"
14242,"F"
14243,"T"
14244,"T"
14245,"T"
14246,"F"
14247,"F"
14248,"F"
14249,"F"
14250,"F"
14251,"F"
14252,"T"
14253,"F"
14254,"F"
14255,"F"
14256,"F"
14257,"F"
14258,"F"
14259,"F"
14260,"F"
14261,"F"
14262,"F"
14263,"F"
14264,"F"
14265,"F"
14266,"F"
14267,"F"
14268,"F"
14269,"F"
14270,"F"
14272,"F"
14273,"F"
14274,"T"
14275,"F"
14276,"T"
14277,"F"
14278,"F"
14279,"F"
14280,"F"
14281,"F"
14282,"F"
14283,"F"
14284,"T"
14285,"T"
14286,"F"
14287,"F"
14288,"F"
14289,"T"
14290,"F"
14291,"F"
14292,"F"
14293,"F"
14294,"F"
14295,"F"
14296,"T"
14297,"F"
14298,"F"
14299,"F"
14300,"F"
14301,"F"
14302,"F"
14303,"F"
14304,"F"
14305,"F"
14306,"F"
14307,"F"
14308,"F"
14309,"F"
14310,"F"
14311,"F"
14312,"T"
14313,"T"
14314,"F"
14315,"F"
14316,"F"
14317,"F"
14318,"F"
14319,"F"
14320,"F"
14321,"F"
14322,"F"
14323,"F"
14324,"T"
14325,"F"
14326,"F"
14327,"F"
14328,"F"
14329,"F"
14331,"F"
14332,"F"
14333,"T"
14334,"F"
14335,"T"
14336,"F"
14337,"T"
14338,"F"
14339,"F"
14340,"F"
14341,"F"
14342,"T"
14343,"F"
14344,"F"
14345,"F"
14346,"T"
14347,"F"
14348,"F"
14349,"F"
14350,"F"
14351,"F"
14352,"F"
14353,"F"
14354,"F"
14355,"T"
14356,"F"
14357,"F"
14358,"F"
14359,"F"
14360,"F"
14361,"T"
14362,"F"
14363,"F"
14364,"F"
14365,"T"
14366,"F"
14367,"T"
14368,"F"
14369,"F"
14370,"T"
14371,"F"
14372,"F"
14373,"T"
14374,"F"
14375,"F"
14376,"F"
14377,"F"
14378,"F"
14379,"F"
14380,"F"
14381,"F"
14382,"F"
14383,"T"
14384,"F"
14385,"F"
14386,"F"
14387,"F"
14388,"F"
14389,"T"
14390,"T"
14391,"F"
14392,"T"
14393,"F"
14394,"F"
14395,"F"
14396,"F"
14397,"T"
14398,"F"
14400,"F"
14401,"T"
14402,"F"
14404,"F"
14405,"F"
14406,"T"
14407,"T"
14408,"F"
14409,"F"
14410,"F"
14411,"F"
14412,"F"
14413,"F"
14414,"F"
14415,"F"
14416,"F"
14418,"F"
14419,"F"
14420,"F"
14421,"F"
14422,"F"
14423,"F"
14424,"F"
14425,"F"
14426,"F"
14427,"F"
14428,"F"
14429,"F"
14430,"T"
14431,"F"
14432,"F"
14433,"F"
14434,"T"
14435,"F"
14436,"F"
14437,"F"
14438,"F"
14439,"T"
14440,"F"
14441,"F"
14442,"T"
14443,"F"
14444,"F"
14445,"F"
14446,"T"
14447,"F"
14448,"T"
14449,"T"
14450,"F"
14451,"F"
14452,"F"
14453,"F"
14454,"F"
14455,"F"
14456,"F"
14457,"F"
14458,"F"
14459,"F"
14460,"T"
14461,"F"
14462,"T"
14463,"F"
14464,"F"
14465,"F"
14466,"F"
14467,"F"
14468,"F"
14469,"T"
14470,"F"
14471,"T"
14472,"F"
14473,"F"
14474,"F"
14475,"T"
14476,"F"
14477,"F"
14478,"F"
14479,"F"
14480,"F"
14481,"F"
14482,"F"
14483,"T"
14484,"F"
14485,"F"
14486,"F"
14487,"F"
14488,"T"
14489,"F"
14490,"F"
14491,"T"
14492,"F"
14493,"F"
14494,"F"
14496,"F"
14497,"F"
14498,"F"
14499,"F"
14501,"F"
14502,"F"
14503,"F"
14504,"F"
14505,"F"
14506,"T"
14507,"F"
14508,"F"
14509,"F"
14510,"F"
14511,"F"
14512,"F"
14513,"T"
14514,"F"
14515,"F"
14516,"F"
14517,"F"
14518,"F"
14519,"F"
14520,"F"
14521,"F"
14522,"F"
14523,"F"
14524,"F"
14525,"F"
14526,"F"
14527,"F"
14528,"T"
14529,"F"
14530,"F"
14531,"F"
14532,"F"
14533,"F"
14534,"F"
14535,"T"
14536,"F"
14537,"F"
14538,"F"
14539,"F"
14540,"F"
14541,"F"
14543,"F"
14544,"F"
14545,"F"
14546,"F"
14547,"F"
14548,"F"
14549,"F"
14550,"F"
14551,"F"
14552,"F"
14553,"F"
14554,"F"
14555,"F"
14556,"F"
14557,"F"
14558,"F"
14559,"F"
14560,"F"
14561,"T"
14562,"F"
14563,"F"
14564,"F"
14565,"F"
14566,"F"
14567,"F"
14568,"F"
14570,"T"
14571,"T"
14573,"T"
14574,"T"
14575,"F"
14576,"T"
14577,"F"
14578,"F"
14579,"T"
14580,"F"
14581,"F"
14582,"F"
14583,"F"
14584,"T"
14585,"F"
14586,"T"
14587,"F"
14588,"F"
14589,"T"
14590,"T"
14591,"F"
14592,"F"
14593,"T"
14594,"T"
14595,"F"
14596,"F"
14597,"F"
14598,"F"
14599,"F"
14600,"F"
14601,"F"
14602,"F"
14603,"F"
14604,"F"
14605,"F"
14606,"F"
14607,"F"
14608,"F"
14609,"F"
14610,"F"
14611,"F"
14612,"F"
14613,"T"
14614,"F"
14615,"F"
14616,"F"
14617,"F"
14618,"F"
14619,"F"
14620,"F"
14621,"F"
14622,"F"
14623,"T"
14624,"F"
14625,"F"
14626,"F"
14627,"F"
14628,"F"
14629,"F"
14630,"F"
14631,"F"
14632,"F"
14633,"T"
14634,"F"
14635,"F"
14636,"F"
14637,"F"
14638,"F"
14639,"F"
14640,"F"
14641,"F"
14642,"F"
14643,"F"
14644,"F"
14645,"F"
14646,"T"
14647,"T"
14648,"F"
14649,"F"
14650,"F"
14651,"F"
14652,"F"
14653,"T"
14654,"F"
14655,"T"
14656,"F"
14657,"F"
14658,"F"
14659,"F"
14660,"F"
14661,"F"
14662,"F"
14663,"F"
14664,"F"
14665,"F"
14666,"F"
14667,"F"
14668,"F"
14669,"F"
14670,"F"
14671,"F"
14672,"F"
14673,"F"
14674,"F"
14675,"F"
14676,"F"
14677,"F"
14678,"F"
14679,"F"
14680,"T"
14681,"F"
14682,"F"
14683,"F"
14684,"T"
14685,"F"
14686,"F"
14687,"T"
14688,"F"
14689,"T"
14690,"F"
14691,"F"
14692,"F"
14693,"F"
14694,"F"
14695,"F"
14696,"F"
14697,"F"
14698,"F"
14699,"F"
14700,"F"
14701,"F"
14702,"F"
14703,"F"
14704,"F"
14705,"F"
14706,"F"
14707,"F"
14708,"F"
14709,"F"
14710,"F"
14711,"T"
14712,"F"
14713,"F"
14714,"F"
14715,"F"
14716,"F"
14717,"T"
14718,"F"
14719,"F"
14720,"F"
14721,"F"
14722,"F"
14723,"F"
14724,"T"
14725,"F"
14726,"F"
14727,"T"
14728,"F"
14729,"F"
14730,"T"
14731,"F"
14732,"F"
14733,"F"
14734,"F"
14735,"F"
14736,"T"
14737,"F"
14738,"T"
14739,"F"
14740,"F"
14742,"F"
14743,"F"
14744,"F"
14745,"F"
14746,"F"
14747,"F"
14748,"F"
14749,"F"
14750,"F"
14751,"F"
14752,"F"
14753,"T"
14754,"F"
14755,"T"
14756,"T"
14757,"F"
14758,"F"
14759,"F"
14761,"F"
14762,"T"
14763,"F"
14764,"F"
14765,"F"
14766,"F"
14767,"F"
14768,"F"
14769,"T"
14770,"F"
14771,"T"
14772,"F"
14773,"F"
14774,"F"
14775,"F"
14776,"F"
14777,"F"
14778,"F"
14780,"F"
14781,"F"
14782,"F"
14783,"F"
14784,"T"
14785,"T"
14786,"F"
14787,"F"
14788,"T"
14789,"F"
14790,"F"
14791,"F"
14792,"F"
14793,"F"
14794,"F"
14795,"F"
14796,"T"
14797,"F"
14798,"F"
14799,"F"
14800,"F"
14801,"T"
14802,"F"
14803,"F"
14804,"F"
14805,"F"
14806,"T"
14807,"F"
14808,"F"
14809,"T"
14810,"T"
14812,"F"
14813,"F"
14814,"F"
14815,"F"
14816,"F"
14817,"F"
14818,"F"
14819,"F"
14820,"F"
14821,"T"
14822,"T"
14823,"F"
14824,"F"
14825,"T"
14826,"F"
14827,"F"
14828,"T"
14829,"F"
14830,"T"
14831,"F"
14832,"F"
14833,"F"
14834,"T"
14835,"F"
14836,"F"
14837,"F"
14838,"F"
14839,"T"
14840,"T"
14841,"F"
14842,"F"
14843,"F"
14844,"F"
14845,"F"
14846,"F"
14847,"F"
14848,"T"
14849,"F"
14850,"F"
14851,"T"
14852,"T"
14854,"T"
14855,"F"
14856,"F"
14857,"F"
14858,"F"
14859,"F"
14860,"F"
14861,"F"
14862,"T"
14863,"F"
14864,"F"
14865,"T"
14866,"F"
14867,"F"
14868,"F"
14869,"F"
14870,"F"
14871,"F"
14872,"F"
14873,"F"
14874,"F"
14875,"F"
14876,"T"
14877,"F"
14878,"F"
14879,"T"
14880,"F"
14881,"F"
14882,"F"
14883,"T"
14884,"F"
14885,"F"
14886,"T"
14887,"F"
14888,"F"
14889,"F"
14890,"F"
14891,"F"
14892,"F"
14893,"F"
14894,"T"
14895,"F"
14897,"F"
14898,"T"
14899,"F"
14900,"F"
14901,"F"
14902,"F"
14903,"F"
14904,"F"
14905,"T"
14906,"F"
14907,"T"
14908,"F"
14909,"F"
14910,"F"
14911,"F"
14912,"T"
14913,"T"
14914,"F"
14915,"F"
14916,"F"
14917,"F"
14918,"F"
14919,"F"
14920,"F"
14921,"F"
14922,"F"
14923,"T"
14924,"T"
14925,"F"
14926,"F"
14927,"T"
14928,"T"
14929,"F"
14930,"T"
14931,"F"
14932,"F"
14933,"F"
14934,"T"
14935,"F"
14936,"F"
14937,"T"
14938,"F"
14939,"F"
14940,"F"
14941,"T"
14942,"T"
14943,"F"
14944,"F"
14945,"F"
14946,"F"
14947,"F"
14948,"T"
14949,"F"
14950,"F"
14951,"T"
14952,"F"
14953,"F"
14954,"F"
14955,"T"
14956,"F"
14957,"F"
14958,"F"
14959,"F"
14960,"F"
14961,"F"
14962,"F"
14963,"T"
14964,"T"
14965,"F"
14966,"F"
14967,"F"
14968,"F"
14969,"F"
14970,"F"
14971,"F"
14972,"T"
14973,"F"
14974,"F"
14975,"T"
14976,"F"
14977,"F"
14978,"F"
14979,"F"
14980,"F"
14981,"F"
14982,"F"
14983,"F"
14984,"F"
14985,"F"
14986,"T"
14987,"F"
14988,"F"
14989,"F"
14990,"F"
14991,"F"
14992,"F"
14993,"F"
14994,"T"
14995,"F"
14996,"F"
14998,"F"
14999,"F"
15001,"F"
15002,"F"
15003,"F"
15004,"F"
15005,"T"
15006,"F"
15007,"F"
15008,"T"
15009,"F"
15010,"F"
15011,"F"
15012,"F"
15013,"F"
15014,"T"
15015,"F"
15016,"F"
15017,"F"
15018,"F"
15019,"F"
15020,"F"
15021,"F"
15022,"F"
15023,"F"
15024,"F"
15025,"T"
15026,"F"
15027,"F"
15028,"F"
15029,"F"
15030,"T"
15031,"F"
15032,"F"
15033,"F"
15034,"F"
15035,"F"
15036,"F"
15037,"F"
15038,"T"
15039,"F"
15040,"T"
15041,"T"
15042,"F"
15043,"F"
15044,"F"
15045,"F"
15046,"F"
15047,"T"
15048,"T"
15049,"F"
15050,"F"
15051,"F"
15052,"F"
15053,"T"
15054,"F"
15055,"F"
15056,"F"
15057,"F"
15058,"T"
15059,"F"
15060,"F"
15061,"F"
15062,"F"
15063,"F"
15064,"T"
15065,"F"
15066,"F"
15067,"F"
15068,"F"
15069,"F"
15070,"F"
15071,"T"
15072,"F"
15073,"F"
15074,"F"
15075,"F"
15076,"F"
15077,"F"
15078,"F"
15079,"F"
15080,"F"
15081,"F"
15082,"F"
15083,"F"
15084,"F"
15085,"F"
15086,"F"
15087,"F"
15088,"T"
15089,"F"
15090,"F"
15091,"F"
15092,"F"
15093,"F"
15094,"F"
15095,"F"
15096,"F"
15097,"F"
15098,"F"
15099,"F"
15100,"T"
15101,"F"
15102,"F"
15103,"T"
15104,"F"
15105,"F"
15106,"F"
15107,"F"
15108,"F"
15109,"F"
15110,"F"
15111,"F"
15112,"F"
15113,"F"
15114,"F"
15115,"F"
15116,"F"
15117,"T"
15118,"F"
15119,"F"
15120,"F"
15121,"F"
15122,"F"
15123,"F"
15124,"F"
15125,"F"
15126,"T"
15127,"F"
15128,"F"
15129,"F"
15130,"F"
15131,"F"
15132,"F"
15133,"F"
15134,"T"
15135,"F"
15136,"F"
15137,"F"
15138,"F"
15139,"F"
15140,"F"
15141,"F"
15142,"F"
15143,"T"
15144,"F"
15145,"F"
15146,"F"
15147,"F"
15148,"F"
15149,"T"
15150,"T"
15152,"T"
15153,"F"
15154,"F"
15155,"F"
15156,"F"
15157,"F"
15158,"F"
15159,"T"
15160,"F"
15161,"F"
15162,"F"
15163,"F"
15164,"F"
15165,"F"
15166,"F"
15167,"T"
15168,"F"
15169,"F"
15170,"F"
15171,"T"
15172,"F"
15173,"F"
15174,"F"
15176,"T"
15177,"F"
15178,"F"
15179,"F"
15180,"F"
15181,"T"
15182,"F"
15183,"F"
15184,"F"
15185,"T"
15186,"F"
15187,"F"
15188,"F"
15189,"F"
15190,"F"
15191,"F"
15192,"F"
15193,"T"
15194,"F"
15195,"T"
15196,"F"
15197,"F"
15198,"F"
15199,"F"
15200,"F"
15201,"F"
15202,"F"
15203,"F"
15204,"F"
15205,"F"
15206,"F"
15207,"T"
15208,"F"
15209,"F"
15210,"T"
15211,"F"
15212,"F"
15213,"F"
15214,"F"
15215,"F"
15216,"F"
15217,"F"
15218,"F"
15219,"F"
15220,"F"
15221,"F"
15222,"F"
15223,"T"
15224,"F"
15225,"T"
15226,"F"
15227,"F"
15228,"F"
15229,"F"
15230,"F"
15231,"F"
15232,"F"
15233,"F"
15234,"T"
15235,"T"
15236,"F"
15237,"T"
15238,"F"
15239,"F"
15240,"F"
15241,"F"
15242,"F"
15243,"F"
15244,"F"
15245,"F"
15246,"F"
15247,"F"
15248,"F"
15249,"F"
15250,"F"
15251,"F"
15252,"T"
15253,"F"
15254,"F"
15255,"F"
15256,"F"
15258,"F"
15259,"F"
15260,"F"
15261,"F"
15262,"F"
15263,"F"
15264,"F"
15265,"F"
15266,"F"
15267,"F"
15268,"F"
15269,"F"
15270,"F"
15271,"F"
15272,"F"
15273,"F"
15274,"T"
15275,"F"
15276,"F"
15277,"F"
15278,"F"
15279,"T"
15280,"F"
15281,"F"
15282,"F"
15283,"F"
15284,"F"
15285,"T"
15286,"F"
15287,"F"
15288,"F"
15289,"F"
15290,"F"
15291,"F"
15292,"F"
15293,"F"
15294,"T"
15295,"F"
15296,"T"
15297,"F"
15298,"F"
15299,"F"
15300,"F"
15301,"T"
15302,"F"
15303,"F"
15304,"F"
15305,"F"
15306,"F"
15307,"F"
15308,"T"
15309,"F"
15310,"T"
15311,"F"
15312,"F"
15313,"T"
15314,"F"
15315,"F"
15316,"F"
15317,"F"
15318,"F"
15319,"F"
15320,"F"
15321,"F"
15322,"F"
15323,"F"
15324,"T"
15325,"F"
15326,"T"
15327,"F"
15328,"F"
15329,"F"
15330,"F"
15331,"F"
15332,"F"
15333,"T"
15334,"F"
15335,"F"
15336,"F"
15337,"F"
15338,"F"
15339,"F"
15340,"T"
15341,"F"
15342,"F"
15343,"F"
15344,"F"
15346,"F"
15347,"F"
15348,"T"
15349,"F"
15350,"F"
15351,"F"
15352,"T"
15353,"F"
15354,"F"
15355,"F"
15356,"F"
15357,"T"
15358,"F"
15359,"F"
15360,"F"
15361,"F"
15362,"T"
15363,"F"
15364,"F"
15365,"T"
15366,"F"
15367,"F"
15368,"T"
15369,"F"
15370,"F"
15371,"F"
15372,"F"
15373,"F"
15375,"T"
15376,"F"
15377,"F"
15378,"F"
15379,"F"
15380,"F"
15381,"F"
15382,"F"
15383,"F"
15384,"F"
15385,"F"
15386,"T"
15387,"F"
15388,"F"
15389,"F"
15390,"F"
15391,"F"
15392,"F"
15393,"T"
15394,"F"
15395,"F"
15396,"T"
15397,"F"
15398,"T"
15399,"F"
15400,"F"
15401,"F"
15402,"F"
15403,"T"
15404,"F"
15405,"T"
15406,"F"
15407,"F"
15408,"F"
15409,"F"
15410,"F"
15411,"F"
15412,"F"
15413,"F"
15414,"F"
15415,"F"
15416,"F"
15417,"F"
15418,"F"
15419,"F"
15420,"F"
15421,"F"
15422,"F"
15423,"F"
15424,"F"
15425,"F"
15426,"F"
15427,"F"
15428,"F"
15429,"F"
15430,"F"
15432,"F"
15433,"F"
15434,"F"
15435,"F"
15436,"F"
15437,"F"
15438,"F"
15439,"F"
15440,"F"
15441,"F"
15442,"F"
15443,"F"
15445,"F"
15446,"F"
15447,"F"
15448,"F"
15449,"F"
15450,"F"
15451,"F"
15452,"T"
15453,"F"
15454,"F"
15455,"F"
15456,"T"
15457,"F"
15458,"F"
15459,"T"
15460,"F"
15461,"F"
15462,"T"
15463,"T"
15464,"F"
15465,"F"
15467,"F"
15468,"F"
15469,"T"
15470,"F"
15471,"F"
15472,"F"
15473,"F"
15474,"F"
15475,"F"
15476,"F"
15477,"F"
15478,"F"
15479,"F"
15480,"F"
15481,"F"
15482,"F"
15483,"F"
15484,"F"
15485,"T"
15486,"T"
15487,"F"
15488,"F"
15489,"F"
15490,"F"
15491,"F"
15492,"F"
15493,"F"
15494,"T"
15495,"F"
15496,"F"
15497,"F"
15498,"F"
15499,"F"
15500,"F"
15501,"T"
15502,"F"
15503,"F"
15504,"F"
15505,"F"
15506,"F"
15507,"T"
15508,"F"
15509,"F"
15510,"F"
15511,"F"
15512,"F"
15513,"F"
15514,"F"
15515,"F"
15516,"F"
15517,"T"
15518,"F"
15519,"T"
15520,"F"
15521,"F"
15522,"F"
15523,"F"
15524,"T"
15525,"F"
15526,"F"
15527,"F"
15528,"T"
15529,"F"
15530,"F"
15531,"F"
15532,"F"
15533,"F"
15534,"F"
15535,"F"
15536,"T"
15537,"F"
15538,"F"
15539,"F"
15540,"F"
15541,"F"
15542,"F"
15543,"F"
15544,"F"
15545,"T"
15546,"F"
15547,"F"
15548,"T"
15549,"T"
15550,"F"
15551,"F"
15552,"F"
15553,"F"
15554,"F"
15555,"F"
15556,"F"
15557,"F"
15558,"F"
15559,"F"
15560,"F"
15561,"F"
15562,"F"
15563,"F"
15564,"F"
15565,"F"
15566,"F"
15567,"T"
15568,"F"
15569,"F"
15570,"F"
15572,"T"
15573,"F"
15574,"F"
15575,"T"
15576,"F"
15577,"F"
15578,"F"
15579,"F"
15580,"F"
15581,"F"
15582,"F"
15583,"F"
15584,"F"
15585,"F"
15586,"F"
15587,"T"
15588,"F"
15589,"T"
15590,"F"
15591,"F"
15592,"F"
15594,"F"
15595,"F"
15596,"F"
15597,"F"
15598,"T"
15599,"F"
15600,"F"
15601,"T"
15602,"F"
15603,"F"
15604,"T"
15605,"F"
15606,"T"
15607,"F"
15608,"F"
15609,"F"
15610,"F"
15611,"F"
15612,"F"
15613,"F"
15614,"F"
15615,"F"
15616,"F"
15617,"F"
15618,"T"
15619,"F"
15621,"T"
15622,"T"
15623,"F"
15624,"F"
15625,"F"
15626,"F"
15627,"F"
15628,"F"
15629,"F"
15630,"F"
15631,"F"
15632,"F"
15633,"F"
15634,"F"
15635,"F"
15636,"F"
15637,"F"
15638,"T"
15639,"F"
15640,"F"
15641,"T"
15642,"F"
15643,"T"
15644,"F"
15645,"T"
15646,"F"
15647,"F"
15648,"F"
15649,"F"
15650,"F"
15651,"F"
15652,"T"
15653,"F"
15654,"F"
15655,"F"
15656,"T"
15657,"F"
15658,"F"
15659,"F"
15660,"F"
15661,"F"
15662,"F"
15663,"F"
15664,"F"
15665,"F"
15666,"F"
15667,"F"
15668,"F"
15669,"T"
15670,"T"
15671,"F"
15672,"T"
15673,"T"
15674,"F"
15675,"T"
15676,"F"
15677,"F"
15678,"T"
15680,"F"
15681,"F"
15682,"F"
15683,"F"
15684,"F"
15685,"F"
15686,"F"
15687,"T"
15689,"F"
15690,"F"
15691,"T"
15692,"F"
15693,"T"
15694,"F"
15695,"T"
15696,"F"
15697,"F"
15698,"F"
15699,"F"
15701,"T"
15702,"F"
15703,"F"
15704,"F"
15705,"F"
15706,"F"
15707,"F"
15708,"F"
15709,"F"
15710,"F"
15711,"F"
15712,"F"
15713,"F"
15714,"F"
15715,"F"
15716,"F"
15717,"F"
15718,"T"
15719,"F"
15720,"F"
15721,"T"
15722,"F"
15723,"F"
15724,"F"
15725,"F"
15726,"F"
15727,"F"
15728,"F"
15729,"T"
15730,"T"
15731,"F"
15732,"T"
15733,"F"
15734,"F"
15735,"F"
15736,"F"
15737,"F"
15738,"F"
15739,"T"
15740,"T"
15741,"F"
15742,"F"
15743,"F"
15744,"F"
15745,"F"
15746,"F"
15747,"F"
15748,"F"
15749,"F"
15750,"T"
15751,"F"
15752,"T"
15753,"F"
15754,"F"
15755,"F"
15756,"F"
15757,"F"
15758,"F"
15759,"T"
15760,"F"
15761,"F"
15762,"F"
15763,"F"
15764,"F"
15765,"F"
15766,"T"
15767,"F"
15768,"F"
15769,"F"
15770,"F"
15771,"F"
15772,"F"
15773,"F"
15774,"F"
15775,"F"
15776,"F"
15777,"F"
15778,"F"
15779,"T"
15780,"F"
15781,"F"
15782,"F"
15783,"F"
15784,"F"
15785,"F"
15786,"F"
15787,"F"
15788,"F"
15789,"F"
15790,"F"
15791,"F"
15792,"F"
15793,"F"
15794,"F"
15795,"F"
15796,"T"
15797,"F"
15798,"F"
15799,"F"
15801,"T"
15802,"F"
15803,"F"
15804,"T"
15805,"F"
15806,"F"
15807,"F"
15808,"F"
15809,"F"
15810,"F"
15811,"T"
15812,"F"
15813,"T"
15814,"F"
15815,"F"
15816,"T"
15817,"T"
15818,"F"
15819,"F"
15820,"F"
15821,"F"
15822,"F"
15823,"F"
15824,"F"
15825,"F"
15826,"T"
15827,"F"
15828,"F"
15829,"T"
15830,"F"
15831,"F"
15832,"F"
15833,"F"
15834,"F"
15835,"F"
15836,"F"
15837,"F"
15838,"F"
15839,"F"
15840,"F"
15841,"F"
15842,"F"
15844,"F"
15845,"F"
15846,"T"
15847,"F"
15848,"F"
15849,"F"
15850,"F"
15851,"F"
15852,"F"
15853,"T"
15854,"T"
15856,"F"
15857,"F"
15858,"F"
15859,"F"
15860,"F"
15861,"F"
15862,"F"
15863,"F"
15864,"F"
15865,"F"
15866,"F"
15867,"T"
15868,"F"
15869,"F"
15870,"F"
15871,"F"
15872,"F"
15873,"F"
15874,"F"
15875,"T"
15876,"F"
15877,"F"
15878,"F"
15879,"T"
15880,"F"
15881,"T"
15883,"F"
15884,"F"
15885,"T"
15886,"F"
15887,"F"
15888,"F"
15889,"F"
15890,"F"
15891,"F"
15892,"F"
15893,"F"
15895,"F"
15896,"F"
15897,"F"
15898,"T"
15899,"F"
15900,"F"
15901,"F"
15902,"F"
15903,"F"
15904,"F"
15905,"F"
15906,"F"
15907,"F"
15909,"F"
15910,"F"
15911,"T"
15912,"F"
15913,"F"
15914,"F"
15915,"F"
15916,"F"
15917,"F"
15918,"T"
15919,"F"
15920,"F"
15921,"F"
15922,"F"
15923,"F"
15924,"F"
15925,"F"
15926,"F"
15927,"F"
15928,"F"
15929,"F"
15930,"F"
15931,"F"
15932,"T"
15933,"F"
15934,"F"
15935,"T"
15936,"F"
15937,"T"
15938,"F"
15939,"F"
15940,"T"
15941,"F"
15942,"F"
15943,"T"
15944,"F"
15945,"F"
15946,"F"
15947,"F"
15948,"F"
15949,"T"
15950,"F"
15951,"F"
15952,"F"
15953,"F"
15954,"F"
15955,"F"
15956,"F"
15957,"F"
15958,"F"
15959,"F"
15960,"F"
15961,"F"
15962,"F"
15963,"F"
15964,"F"
15965,"F"
15966,"T"
15967,"T"
15968,"F"
15969,"T"
15970,"F"
15971,"T"
15972,"F"
15973,"F"
15974,"F"
15975,"F"
15976,"T"
15977,"F"
15979,"F"
15980,"T"
15981,"T"
15982,"F"
15983,"F"
15984,"F"
15985,"F"
15986,"F"
15987,"F"
15988,"F"
15989,"F"
15990,"F"
15991,"F"
15992,"F"
15993,"F"
15994,"F"
15995,"F"
15996,"T"
15997,"F"
15998,"T"
15999,"T"
16001,"T"
16002,"F"
16003,"F"
16004,"F"
16005,"F"
16006,"T"
16007,"F"
16008,"F"
16009,"F"
16010,"T"
16011,"F"
16012,"T"
16013,"F"
16014,"F"
16015,"F"
16016,"F"
16017,"F"
16018,"F"
16019,"F"
16020,"F"
16021,"F"
16022,"F"
16023,"T"
16024,"F"
16025,"F"
16026,"F"
16027,"T"
16028,"T"
16029,"F"
16030,"F"
16031,"T"
16032,"F"
16033,"F"
16034,"T"
16035,"F"
16036,"F"
16037,"F"
16038,"T"
16039,"F"
16040,"F"
16041,"F"
16042,"F"
16043,"F"
16044,"F"
16045,"F"
16046,"F"
16047,"F"
16048,"F"
16049,"F"
16050,"T"
16051,"F"
16052,"T"
16053,"T"
16054,"T"
16055,"F"
16056,"F"
16057,"F"
16058,"F"
16059,"T"
16060,"F"
16061,"F"
16062,"F"
16063,"F"
16064,"F"
16065,"F"
16066,"F"
16067,"F"
16068,"F"
16069,"F"
16070,"F"
16071,"T"
16072,"F"
16073,"F"
16074,"F"
16075,"F"
16076,"T"
16077,"F"
16078,"T"
16079,"F"
16080,"F"
16081,"T"
16082,"F"
16083,"F"
16084,"F"
16085,"F"
16086,"F"
16087,"F"
16088,"F"
16089,"F"
16090,"F"
16091,"F"
16092,"F"
16093,"F"
16094,"F"
16095,"T"
16096,"F"
16097,"F"
16098,"T"
16099,"F"
16100,"F"
16101,"F"
16102,"T"
16104,"F"
16105,"F"
16106,"F"
16107,"T"
16108,"T"
16109,"T"
16110,"T"
16111,"F"
16112,"F"
16113,"T"
16114,"T"
16115,"F"
16116,"F"
16117,"F"
16118,"F"
16119,"F"
16120,"F"
16121,"F"
16122,"F"
16123,"F"
16124,"F"
16125,"T"
16126,"F"
16127,"F"
16128,"F"
16129,"F"
16130,"T"
16131,"T"
16132,"F"
16133,"F"
16134,"F"
16135,"F"
16136,"F"
16137,"F"
16138,"F"
16139,"F"
16140,"F"
16141,"F"
16142,"F"
16143,"F"
16144,"F"
16145,"F"
16146,"F"
16147,"T"
16148,"F"
16149,"F"
16150,"F"
16151,"F"
16152,"F"
16153,"F"
16154,"T"
16155,"F"
16156,"F"
16157,"F"
16158,"F"
16159,"F"
16160,"T"
16161,"F"
16162,"F"
16163,"T"
16164,"F"
16165,"F"
16166,"F"
16167,"F"
16168,"F"
16169,"F"
16170,"F"
16171,"F"
16172,"F"
16173,"F"
16174,"F"
16175,"F"
16176,"F"
16177,"F"
16178,"F"
16179,"F"
16180,"T"
16181,"F"
16182,"F"
16183,"F"
16184,"F"
16186,"F"
16187,"F"
16188,"F"
16189,"T"
16190,"F"
16191,"T"
16192,"F"
16193,"F"
16194,"F"
16195,"F"
16196,"F"
16197,"F"
16198,"T"
16199,"T"
16200,"F"
16201,"F"
16202,"F"
16203,"F"
16204,"T"
16205,"F"
16206,"F"
16207,"T"
16208,"T"
16209,"T"
16210,"F"
16211,"F"
16212,"F"
16213,"F"
16214,"F"
16215,"T"
16216,"F"
16217,"F"
16218,"F"
16219,"F"
16220,"F"
16221,"F"
16222,"T"
16223,"F"
16224,"F"
16225,"F"
16226,"T"
16227,"F"
16228,"T"
16229,"F"
16230,"F"
16231,"F"
16232,"T"
16233,"F"
16234,"F"
16235,"F"
16236,"F"
16237,"F"
16238,"F"
16239,"T"
16240,"F"
16241,"F"
16242,"F"
16243,"F"
16244,"F"
16245,"F"
16246,"F"
16247,"F"
16248,"T"
16249,"F"
16250,"F"
16251,"F"
16252,"T"
16253,"F"
16254,"F"
16255,"F"
16256,"F"
16258,"F"
16259,"F"
16260,"F"
16261,"T"
16262,"F"
16263,"T"
16264,"T"
16265,"F"
16266,"F"
16267,"F"
16268,"F"
16269,"T"
16270,"F"
16271,"F"
16272,"F"
16273,"F"
16274,"F"
16275,"T"
16276,"F"
16277,"F"
16278,"F"
16279,"T"
16280,"F"
16281,"F"
16282,"F"
16283,"F"
16284,"F"
16285,"F"
16286,"T"
16287,"F"
16288,"T"
16289,"F"
16290,"F"
16291,"F"
16292,"F"
16294,"F"
16295,"F"
16296,"F"
16297,"F"
16298,"F"
16299,"T"
16300,"F"
16302,"F"
16303,"F"
16304,"T"
16305,"T"
16306,"F"
16307,"F"
16308,"F"
16309,"F"
16310,"F"
16311,"F"
16312,"T"
16313,"F"
16314,"F"
16315,"F"
16316,"T"
16317,"F"
16318,"F"
16319,"F"
16320,"T"
16321,"F"
16322,"F"
16323,"F"
16324,"F"
16325,"F"
16326,"F"
16327,"F"
16328,"F"
16329,"F"
16330,"F"
16331,"T"
16332,"T"
16333,"F"
16334,"F"
16335,"F"
16336,"F"
16337,"T"
16338,"F"
16339,"F"
16340,"F"
16341,"F"
16342,"F"
16343,"F"
16344,"T"
16345,"F"
16346,"F"
16347,"F"
16348,"F"
16349,"F"
16350,"F"
16351,"T"
16352,"F"
16353,"F"
16354,"F"
16355,"F"
16356,"T"
16357,"T"
16358,"F"
16359,"F"
16360,"F"
16361,"F"
16362,"F"
16363,"F"
16364,"F"
16365,"F"
16366,"F"
16367,"F"
16368,"F"
16369,"F"
16370,"F"
16371,"F"
16372,"T"
16373,"F"
16374,"F"
16375,"F"
16376,"F"
16377,"F"
16378,"F"
16379,"F"
16380,"F"
16381,"F"
16382,"T"
16383,"F"
16384,"F"
16385,"F"
16386,"T"
16387,"F"
16388,"F"
16389,"F"
16390,"T"
16391,"F"
16392,"F"
16393,"F"
16394,"T"
16395,"F"
16396,"F"
16397,"F"
16398,"F"
16399,"T"
16400,"F"
16401,"T"
16402,"F"
16403,"F"
16404,"F"
16405,"F"
16406,"F"
16407,"F"
16408,"F"
16410,"F"
16411,"F"
16412,"F"
16413,"T"
16414,"T"
16415,"F"
16416,"T"
16417,"T"
16418,"T"
16419,"T"
16420,"F"
16421,"F"
16422,"T"
16423,"F"
16424,"F"
16425,"F"
16426,"T"
16427,"F"
16428,"F"
16429,"F"
16430,"F"
16431,"F"
16432,"F"
16433,"F"
16434,"F"
16435,"F"
16437,"T"
16438,"F"
16439,"F"
16440,"F"
16441,"T"
16442,"F"
16443,"F"
16444,"F"
16445,"F"
16446,"F"
16447,"F"
16448,"T"
16449,"T"
16450,"F"
16451,"F"
16452,"F"
16453,"F"
16454,"F"
16455,"F"
16456,"F"
16457,"F"
16458,"T"
16459,"T"
16460,"F"
16461,"F"
16462,"F"
16463,"F"
16464,"F"
16465,"F"
16466,"F"
16467,"F"
16468,"F"
16469,"F"
16470,"F"
16471,"F"
16472,"T"
16473,"F"
16474,"F"
16475,"F"
16476,"F"
16477,"F"
16479,"F"
16480,"F"
16481,"F"
16482,"F"
16483,"F"
16484,"T"
16485,"F"
16486,"F"
16487,"F"
16488,"F"
16489,"F"
16490,"F"
16491,"F"
16492,"F"
16493,"F"
16494,"F"
16495,"F"
16496,"T"
16497,"F"
16498,"F"
16499,"T"
16500,"F"
16501,"F"
16502,"F"
16503,"F"
16504,"F"
16505,"F"
16506,"F"
16507,"F"
16508,"F"
16509,"F"
16510,"F"
16511,"F"
16512,"F"
16513,"F"
16514,"T"
16515,"F"
16516,"F"
16517,"F"
16518,"T"
16519,"F"
16520,"F"
16521,"F"
16522,"F"
16523,"F"
16524,"T"
16525,"F"
16526,"F"
16527,"T"
16528,"F"
16529,"F"
16530,"F"
16531,"F"
16532,"F"
16533,"F"
16534,"F"
16535,"F"
16536,"F"
16537,"F"
16538,"F"
16539,"F"
16540,"T"
16541,"F"
16542,"F"
16543,"F"
16544,"T"
16545,"F"
16546,"F"
16547,"F"
16548,"T"
16549,"F"
16550,"T"
16551,"F"
16553,"F"
16554,"F"
16555,"F"
16557,"T"
16558,"F"
16560,"T"
16561,"F"
16562,"F"
16563,"F"
16564,"F"
16565,"F"
16566,"T"
16567,"F"
16568,"F"
16569,"T"
16570,"F"
16571,"F"
16572,"F"
16573,"F"
16574,"F"
16575,"F"
16576,"T"
16577,"T"
16578,"F"
16579,"F"
16580,"F"
16581,"F"
16582,"F"
16583,"F"
16584,"T"
16585,"F"
16586,"T"
16587,"T"
16588,"F"
16589,"F"
16590,"F"
16591,"F"
16592,"T"
16593,"F"
16594,"T"
16595,"F"
16596,"T"
16597,"T"
16598,"F"
16599,"F"
16600,"F"
16601,"F"
16602,"F"
16603,"F"
16604,"F"
16605,"F"
16606,"F"
16607,"F"
16608,"F"
16609,"T"
16610,"F"
16611,"F"
16612,"F"
16613,"F"
16614,"T"
16615,"F"
16616,"F"
16617,"F"
16618,"F"
16619,"F"
16620,"T"
16621,"F"
16622,"F"
16623,"F"
16624,"F"
16625,"F"
16626,"F"
16627,"F"
16628,"F"
16629,"T"
16630,"F"
16632,"F"
16633,"F"
16634,"F"
16635,"T"
16636,"F"
16637,"T"
16638,"F"
16639,"F"
16640,"F"
16641,"F"
16642,"F"
16643,"F"
16644,"T"
16645,"F"
16646,"F"
16647,"F"
16648,"T"
16649,"F"
16650,"F"
16651,"F"
16652,"F"
16653,"F"
16654,"F"
16655,"T"
16656,"F"
16657,"F"
16658,"F"
16659,"F"
16660,"T"
16661,"F"
16662,"F"
16663,"F"
16664,"F"
16665,"F"
16666,"T"
16667,"F"
16668,"F"
16669,"F"
16670,"F"
16671,"F"
16672,"F"
16673,"F"
16674,"F"
16675,"F"
16676,"F"
16677,"F"
16678,"F"
16679,"F"
16680,"F"
16681,"T"
16682,"F"
16683,"F"
16684,"T"
16685,"F"
16686,"F"
16687,"F"
16688,"F"
16689,"T"
16690,"F"
16691,"F"
16692,"F"
16693,"F"
16694,"F"
16695,"T"
16696,"F"
16697,"F"
16698,"F"
16700,"F"
16701,"F"
16702,"F"
16703,"F"
16704,"F"
16705,"T"
16706,"F"
16707,"F"
16708,"F"
16709,"F"
16710,"F"
16711,"F"
16713,"F"
16714,"T"
16715,"F"
16717,"F"
16718,"F"
16719,"F"
16720,"F"
16721,"F"
16722,"F"
16723,"F"
16724,"F"
16725,"F"
16726,"T"
16727,"F"
16728,"F"
16729,"F"
16730,"F"
16731,"F"
16732,"F"
16733,"F"
16734,"F"
16735,"F"
16736,"F"
16737,"F"
16738,"T"
16739,"F"
16740,"F"
16741,"F"
16742,"F"
16743,"F"
16744,"F"
16745,"T"
16746,"F"
16747,"F"
16748,"F"
16749,"F"
16750,"F"
16751,"F"
16752,"F"
16753,"F"
16754,"T"
16755,"F"
16756,"F"
16758,"T"
16760,"F"
16761,"F"
16762,"F"
16763,"T"
16764,"T"
16765,"F"
16766,"F"
16767,"F"
16768,"T"
16769,"F"
16770,"F"
16771,"F"
16772,"F"
16773,"F"
16774,"F"
16775,"T"
16776,"F"
16777,"F"
16778,"F"
16779,"F"
16780,"F"
16781,"F"
16782,"F"
16783,"F"
16784,"F"
16785,"F"
16786,"F"
16787,"T"
16788,"F"
16789,"T"
16790,"T"
16791,"F"
16792,"F"
16793,"T"
16794,"F"
16795,"F"
16796,"T"
16797,"F"
16798,"F"
16799,"F"
16800,"F"
16801,"F"
16802,"F"
16803,"F"
16804,"F"
16805,"F"
16806,"F"
16807,"T"
16808,"T"
16809,"F"
16810,"F"
16811,"F"
16813,"F"
16814,"F"
16815,"F"
16816,"F"
16817,"F"
16818,"F"
16819,"T"
16820,"F"
16821,"F"
16822,"F"
16823,"F"
16824,"T"
16825,"F"
16826,"F"
16827,"F"
16828,"F"
16829,"F"
16830,"F"
16832,"T"
16833,"F"
16834,"F"
16835,"F"
16836,"F"
16837,"T"
16838,"F"
16839,"F"
16840,"F"
16841,"F"
16842,"F"
16843,"F"
16844,"T"
16845,"T"
16846,"F"
16847,"F"
16848,"F"
16849,"F"
16850,"F"
16851,"F"
16852,"T"
16853,"F"
16854,"F"
16855,"F"
16856,"T"
16857,"F"
16858,"F"
16859,"F"
16860,"F"
16861,"F"
16862,"F"
16863,"F"
16864,"F"
16865,"F"
16866,"F"
16867,"F"
16868,"T"
16869,"F"
16870,"F"
16871,"F"
16872,"F"
16873,"F"
16874,"T"
16875,"F"
16876,"F"
16877,"F"
16878,"T"
16879,"F"
16880,"F"
16881,"F"
16882,"F"
16883,"T"
16884,"F"
16885,"F"
16886,"F"
16887,"T"
16888,"F"
16889,"F"
16890,"F"
16891,"F"
16892,"F"
16893,"T"
16894,"F"
16895,"F"
16896,"F"
16897,"F"
16898,"T"
16899,"F"
16900,"F"
16901,"F"
16902,"F"
16903,"F"
16904,"F"
16905,"F"
16906,"F"
16907,"F"
16908,"F"
16909,"F"
16910,"F"
16911,"F"
16912,"F"
16913,"F"
16914,"F"
16915,"F"
16916,"F"
16917,"F"
16918,"F"
16919,"F"
16921,"F"
16922,"F"
16923,"F"
16924,"F"
16925,"F"
16926,"F"
16927,"T"
16928,"F"
16929,"F"
16930,"T"
16931,"T"
16932,"F"
16933,"F"
16934,"F"
16935,"F"
16936,"T"
16937,"F"
16938,"F"
16939,"F"
16940,"F"
16941,"F"
16942,"F"
16943,"F"
16944,"F"
16945,"T"
16946,"F"
16947,"F"
16948,"F"
16949,"F"
16950,"F"
16951,"F"
16952,"T"
16953,"F"
16954,"T"
16955,"F"
16956,"T"
16957,"F"
16958,"F"
16959,"F"
16960,"F"
16961,"F"
16962,"F"
16963,"F"
16964,"F"
16965,"F"
16966,"F"
16967,"F"
16968,"F"
16969,"T"
16970,"F"
16971,"F"
16972,"F"
16973,"F"
16974,"F"
16975,"F"
16976,"F"
16977,"T"
16978,"F"
16979,"T"
16980,"F"
16981,"T"
16982,"T"
16983,"F"
16984,"F"
16985,"F"
16986,"F"
16987,"F"
16989,"F"
16990,"F"
16991,"T"
16992,"F"
16993,"F"
16994,"F"
16995,"F"
16996,"F"
16997,"F"
16998,"F"
16999,"F"
17000,"F"
17001,"T"
17002,"T"
17003,"F"
17004,"T"
17005,"F"
17006,"T"
17007,"F"
17008,"F"
17009,"F"
17010,"F"
17011,"F"
17012,"F"
17013,"F"
17014,"F"
17015,"F"
17016,"F"
17017,"T"
17018,"T"
17019,"T"
17020,"F"
17021,"F"
17022,"F"
17023,"F"
17024,"F"
17025,"F"
17026,"F"
17027,"F"
17028,"F"
17029,"F"
17030,"F"
17031,"F"
17032,"F"
17033,"F"
17034,"F"
17035,"F"
17036,"F"
17037,"F"
17038,"F"
17039,"F"
17040,"F"
17041,"F"
17042,"T"
17043,"F"
17044,"F"
17045,"F"
17046,"F"
17047,"F"
17048,"F"
17049,"F"
17050,"F"
17051,"T"
17052,"T"
17053,"T"
17054,"F"
17055,"F"
17056,"F"
17057,"F"
17058,"T"
17059,"F"
17060,"T"
17061,"F"
17062,"F"
17063,"F"
17064,"F"
17065,"F"
17066,"F"
17067,"F"
17068,"F"
17069,"F"
17070,"F"
17071,"F"
17072,"F"
17073,"F"
17074,"F"
17075,"T"
17076,"F"
17077,"T"
17078,"F"
17079,"F"
17080,"F"
17081,"F"
17082,"F"
17083,"F"
17084,"F"
17085,"F"
17086,"F"
17087,"F"
17088,"T"
17089,"F"
17090,"F"
17091,"T"
17092,"F"
17093,"T"
17094,"F"
17095,"F"
17096,"F"
17097,"F"
17098,"F"
17099,"F"
17100,"F"
17101,"F"
17102,"F"
17103,"F"
17104,"F"
17105,"F"
17106,"F"
17107,"F"
17108,"F"
17109,"F"
17110,"F"
17111,"F"
17112,"F"
17113,"F"
17114,"F"
17115,"F"
17116,"F"
17117,"F"
17118,"F"
17119,"F"
17120,"F"
17121,"F"
17122,"F"
17123,"F"
17124,"F"
17125,"F"
17126,"T"
17127,"F"
17128,"F"
17129,"F"
17130,"T"
17131,"F"
17132,"F"
17133,"T"
17134,"F"
17135,"F"
17136,"F"
17137,"F"
17138,"T"
17139,"F"
17140,"F"
17141,"T"
17142,"F"
17143,"T"
17144,"F"
17145,"T"
17146,"T"
17147,"F"
17148,"F"
17149,"F"
17150,"F"
17151,"F"
17152,"F"
17153,"F"
17154,"F"
17155,"F"
17156,"F"
17157,"F"
17158,"T"
17159,"F"
17160,"F"
17161,"F"
17162,"T"
17163,"T"
17164,"F"
17165,"F"
17166,"F"
17167,"F"
17168,"F"
17170,"F"
17171,"F"
17172,"T"
17173,"F"
17174,"F"
17175,"F"
17176,"F"
17177,"F"
17178,"F"
17179,"F"
17180,"T"
17181,"F"
17182,"F"
17183,"F"
17184,"F"
17185,"F"
17186,"F"
17187,"F"
17188,"F"
17189,"F"
17190,"F"
17191,"F"
17192,"F"
17193,"F"
17194,"F"
17195,"F"
17196,"F"
17197,"F"
17198,"F"
17199,"F"
17200,"F"
17201,"F"
17202,"F"
17203,"F"
17204,"F"
17206,"F"
17207,"F"
17208,"F"
17209,"F"
17210,"F"
17211,"F"
17212,"F"
17213,"F"
17214,"F"
17215,"F"
17216,"F"
17217,"F"
17218,"F"
17219,"F"
17220,"F"
17221,"F"
17222,"F"
17223,"F"
17224,"F"
17225,"F"
17226,"F"
17227,"F"
17228,"F"
17229,"F"
17230,"F"
17231,"T"
17232,"F"
17233,"F"
17234,"F"
17235,"F"
17236,"F"
17237,"F"
17238,"T"
17239,"F"
17240,"F"
17241,"F"
17242,"F"
17243,"F"
17244,"F"
17245,"F"
17246,"F"
17247,"F"
17248,"F"
17249,"F"
17250,"F"
17251,"F"
17252,"F"
17253,"F"
17254,"F"
17255,"F"
17256,"F"
17257,"F"
17258,"T"
17259,"F"
17260,"F"
17261,"F"
17262,"T"
17263,"F"
17265,"F"
17266,"F"
17267,"F"
17268,"F"
17269,"F"
17270,"F"
17271,"F"
17272,"F"
17273,"F"
17274,"F"
17275,"F"
17276,"T"
17277,"F"
17278,"F"
17279,"T"
17280,"F"
17281,"T"
17282,"T"
17283,"F"
17284,"F"
17285,"F"
17286,"F"
17287,"F"
17288,"F"
17289,"F"
17290,"F"
17291,"T"
17292,"F"
17293,"F"
17294,"F"
17295,"F"
17296,"F"
17297,"F"
17298,"F"
17299,"F"
17300,"F"
17301,"F"
17302,"T"
17303,"F"
17304,"T"
17305,"F"
17306,"F"
17307,"F"
17308,"T"
17309,"F"
17310,"F"
17311,"F"
17312,"T"
17313,"T"
17314,"F"
17315,"F"
17316,"F"
17317,"F"
17318,"F"
17319,"F"
17320,"F"
17321,"F"
17322,"F"
17323,"F"
17324,"F"
17325,"F"
17326,"T"
17327,"F"
17328,"F"
17329,"F"
17330,"F"
17331,"F"
17332,"F"
17333,"F"
17334,"T"
17335,"F"
17336,"F"
17337,"F"
17338,"F"
17339,"F"
17340,"T"
17341,"F"
17342,"F"
17343,"F"
17344,"T"
17345,"F"
17346,"T"
17347,"F"
17348,"F"
17349,"F"
17350,"F"
17351,"F"
17352,"F"
17353,"F"
17354,"F"
17355,"F"
17356,"F"
17357,"F"
17358,"F"
17359,"F"
17360,"F"
17361,"F"
17362,"F"
17363,"F"
17364,"T"
17365,"F"
17366,"F"
17367,"T"
17368,"F"
17369,"T"
17370,"F"
17371,"T"
17372,"F"
17373,"F"
17374,"F"
17375,"F"
17376,"F"
17377,"F"
17378,"F"
17379,"F"
17380,"T"
17381,"F"
17382,"F"
17383,"F"
17384,"F"
17385,"F"
17386,"T"
17387,"T"
17388,"F"
17389,"T"
17390,"F"
17391,"T"
17392,"F"
17393,"T"
17394,"F"
17395,"F"
17396,"F"
17397,"F"
17398,"F"
17399,"F"
17400,"F"
17401,"T"
17402,"F"
17403,"F"
17404,"F"
17405,"F"
17406,"T"
17407,"F"
17408,"F"
17409,"F"
17410,"F"
17411,"T"
17413,"F"
17414,"F"
17415,"F"
17416,"T"
17417,"F"
17418,"F"
17419,"T"
17420,"F"
17421,"F"
17422,"F"
17423,"F"
17424,"F"
17425,"F"
17426,"F"
17427,"T"
17428,"F"
17429,"F"
17430,"T"
17431,"F"
17432,"F"
17433,"F"
17434,"F"
17435,"F"
17436,"F"
17437,"T"
17438,"F"
17439,"F"
17440,"F"
17441,"F"
17442,"T"
17443,"T"
17444,"F"
17445,"T"
17446,"F"
17447,"F"
17448,"F"
17449,"T"
17450,"T"
17451,"F"
17452,"F"
17453,"F"
17454,"F"
17455,"F"
17456,"F"
17457,"F"
17458,"F"
17459,"T"
17460,"F"
17461,"F"
17462,"T"
17463,"T"
17464,"F"
17465,"T"
17466,"F"
17467,"F"
17468,"F"
17469,"F"
17470,"F"
17471,"F"
17472,"F"
17473,"F"
17474,"T"
17475,"F"
17476,"T"
17477,"T"
17478,"F"
17479,"F"
17480,"F"
17481,"F"
17482,"F"
17483,"F"
17484,"F"
17485,"F"
17486,"T"
17487,"F"
17488,"F"
17489,"F"
17490,"T"
17491,"F"
17492,"F"
17493,"F"
17494,"F"
17496,"F"
17497,"F"
17498,"F"
17499,"T"
17500,"F"
17501,"F"
17502,"F"
17503,"F"
17504,"T"
17505,"F"
17506,"F"
17507,"F"
17508,"F"
17509,"F"
17510,"F"
17511,"F"
17512,"F"
17513,"F"
17514,"F"
17515,"F"
17516,"F"
17517,"F"
17518,"F"
17519,"F"
17520,"F"
17521,"F"
17522,"F"
17523,"F"
17525,"F"
17526,"F"
17527,"F"
17528,"F"
17529,"F"
17530,"F"
17531,"F"
17532,"F"
17533,"F"
17534,"F"
17535,"F"
17536,"F"
17537,"F"
17538,"F"
17539,"F"
17540,"F"
17541,"T"
17542,"F"
17543,"F"
17544,"F"
17545,"F"
17546,"F"
17547,"T"
17548,"F"
17549,"F"
17550,"F"
17551,"T"
17552,"F"
17553,"F"
17554,"F"
17555,"F"
17556,"F"
17557,"F"
17558,"F"
17559,"F"
17560,"F"
17561,"F"
17562,"F"
17563,"F"
17564,"F"
17565,"F"
17567,"F"
17568,"F"
17569,"F"
17570,"T"
17571,"F"
17572,"F"
17573,"T"
17575,"F"
17576,"F"
17577,"F"
17578,"F"
17579,"F"
17580,"F"
17581,"F"
17582,"F"
17583,"F"
17584,"F"
17585,"F"
17586,"F"
17587,"F"
17588,"F"
17589,"F"
17590,"F"
17591,"F"
17592,"F"
17593,"F"
17594,"F"
17595,"F"
17596,"F"
17597,"F"
17598,"T"
17599,"F"
17600,"F"
17601,"F"
17602,"F"
17603,"F"
17604,"T"
17605,"F"
17606,"T"
17607,"T"
17608,"F"
17609,"F"
17610,"T"
17611,"F"
17612,"T"
17613,"F"
17614,"F"
17615,"F"
17616,"F"
17617,"F"
17618,"T"
17619,"F"
17620,"T"
17621,"F"
17622,"F"
17623,"F"
17624,"F"
17625,"F"
17626,"F"
17627,"T"
17628,"F"
17629,"T"
17630,"F"
17631,"F"
17632,"F"
17633,"F"
17634,"F"
17635,"T"
17636,"F"
17637,"T"
17638,"F"
17639,"F"
17640,"F"
17641,"T"
17642,"F"
17643,"T"
17644,"F"
17645,"F"
17647,"F"
17648,"T"
17649,"F"
17650,"F"
17651,"T"
17652,"F"
17653,"F"
17654,"F"
17655,"F"
17656,"F"
17657,"F"
17658,"F"
17659,"F"
17660,"F"
17661,"F"
17662,"F"
17663,"F"
17664,"F"
17665,"F"
17666,"F"
17667,"F"
17668,"F"
17669,"F"
17670,"F"
17671,"T"
17672,"F"
17673,"F"
17674,"F"
17675,"F"
17676,"F"
17677,"F"
17678,"F"
17679,"F"
17680,"T"
17681,"T"
17682,"F"
17683,"F"
17684,"F"
17685,"T"
17686,"T"
17687,"F"
17688,"F"
17689,"F"
17690,"T"
17691,"T"
17692,"F"
17693,"F"
17694,"F"
17695,"F"
17696,"F"
17697,"T"
17698,"F"
17699,"F"
17700,"F"
17701,"F"
17702,"F"
17703,"T"
17704,"F"
17705,"F"
17706,"T"
17707,"T"
17708,"F"
17710,"F"
17711,"F"
17712,"F"
17713,"F"
17714,"F"
17715,"F"
17716,"F"
17717,"T"
17718,"F"
17719,"F"
17720,"F"
17721,"F"
17722,"F"
17723,"T"
17724,"F"
17725,"F"
17726,"F"
17727,"F"
17728,"F"
17729,"F"
17730,"F"
17731,"T"
17732,"F"
17733,"F"
17734,"T"
17735,"F"
17736,"F"
17737,"F"
17738,"F"
17739,"F"
17740,"F"
17741,"F"
17742,"F"
17743,"F"
17744,"F"
17745,"F"
17747,"F"
17748,"F"
17749,"T"
17750,"F"
17751,"F"
17752,"F"
17753,"F"
17754,"F"
17755,"F"
17756,"F"
17757,"F"
17758,"F"
17759,"F"
17760,"F"
17761,"F"
17762,"F"
17763,"T"
17764,"F"
17765,"F"
17766,"F"
17767,"F"
17768,"F"
17769,"F"
17770,"F"
17771,"T"
17772,"T"
17773,"F"
17774,"F"
17775,"F"
17776,"F"
17777,"F"
17778,"F"
17779,"F"
17780,"F"
17781,"T"
17782,"F"
17783,"F"
17784,"T"
17785,"F"
17786,"F"
17787,"F"
17788,"F"
17789,"F"
17790,"F"
17791,"F"
17792,"F"
17793,"F"
17794,"T"
17795,"T"
17796,"T"
17797,"F"
17798,"F"
17799,"F"
17800,"T"
17801,"F"
17802,"F"
17803,"T"
17804,"F"
17805,"F"
17806,"F"
17807,"T"
17808,"F"
17809,"F"
17810,"F"
17811,"F"
17812,"F"
17813,"F"
17814,"F"
17815,"F"
17816,"T"
17817,"F"
17818,"F"
17819,"F"
17820,"F"
17821,"F"
17822,"T"
17823,"T"
17824,"F"
17825,"F"
17826,"T"
17827,"F"
17828,"F"
17829,"T"
17830,"T"
17831,"F"
17833,"F"
17834,"F"
17835,"F"
17836,"T"
17837,"F"
17839,"F"
17840,"T"
17841,"F"
17842,"F"
17843,"F"
17844,"F"
17845,"F"
17846,"F"
17847,"F"
17848,"F"
17849,"F"
17850,"F"
17851,"T"
17852,"F"
17853,"F"
17854,"F"
17855,"T"
17856,"F"
17857,"T"
17858,"T"
17859,"F"
17860,"T"
17861,"F"
17862,"F"
17863,"F"
17864,"F"
17865,"F"
17867,"F"
17868,"F"
17869,"F"
17870,"F"
17871,"T"
17872,"F"
17873,"F"
17874,"F"
17875,"T"
17876,"T"
17877,"T"
17878,"F"
17879,"T"
17880,"F"
17881,"F"
17882,"F"
17883,"F"
17884,"T"
17885,"F"
17886,"F"
17887,"F"
17888,"F"
17889,"F"
17890,"F"
17891,"F"
17892,"F"
17893,"F"
17894,"F"
17895,"F"
17896,"F"
17897,"F"
17898,"T"
17899,"F"
17900,"F"
17901,"F"
17902,"F"
17903,"F"
17905,"F"
17906,"F"
17907,"F"
17908,"F"
17909,"F"
17910,"T"
17911,"F"
17912,"T"
17913,"T"
17914,"T"
17915,"F"
17916,"F"
17917,"F"
17918,"T"
17919,"F"
17920,"F"
17921,"F"
17922,"F"
17923,"F"
17924,"F"
17925,"F"
17926,"F"
17927,"T"
17928,"F"
17929,"F"
17930,"F"
17931,"F"
17932,"F"
17933,"F"
17935,"F"
17936,"F"
17938,"F"
17939,"F"
17940,"F"
17941,"F"
17942,"F"
17943,"F"
17944,"F"
17945,"F"
17946,"F"
17947,"F"
17948,"T"
17949,"F"
17950,"F"
17951,"F"
17952,"F"
17953,"F"
17954,"F"
17955,"F"
17956,"F"
17957,"F"
17958,"F"
17959,"T"
17960,"F"
17961,"F"
17962,"F"
17963,"F"
17964,"F"
17965,"F"
17966,"T"
17968,"F"
17969,"F"
17970,"F"
17971,"F"
17972,"F"
17973,"F"
17974,"F"
17975,"F"
17976,"F"
17977,"F"
17978,"F"
17979,"F"
17980,"F"
17981,"F"
17982,"F"
17983,"F"
17984,"F"
17985,"F"
17986,"F"
17987,"F"
17988,"F"
17989,"F"
17990,"F"
17991,"F"
17992,"F"
17993,"T"
17994,"F"
17995,"F"
17996,"F"
17997,"F"
17998,"F"
17999,"T"
18000,"T"
18001,"F"
18002,"T"
18003,"F"
18004,"F"
18005,"F"
18006,"T"
18007,"F"
18008,"F"
18009,"T"
18010,"F"
18011,"F"
18012,"T"
18013,"F"
18014,"F"
18015,"T"
18016,"F"
18017,"F"
18018,"F"
18019,"F"
18020,"F"
18021,"F"
18022,"F"
18023,"F"
18024,"F"
18025,"T"
18026,"F"
18027,"F"
18028,"F"
18029,"F"
18030,"F"
18031,"F"
18032,"F"
18033,"F"
18034,"F"
18035,"F"
18036,"F"
18037,"F"
18038,"F"
18039,"T"
18040,"F"
18041,"F"
18042,"F"
18043,"F"
18044,"F"
18045,"F"
18046,"F"
18047,"F"
18048,"F"
18049,"F"
18050,"F"
18051,"F"
18052,"F"
18053,"F"
18054,"F"
18055,"F"
18056,"F"
18057,"F"
18058,"F"
18059,"F"
18060,"F"
18061,"T"
18062,"F"
18063,"F"
18064,"T"
18065,"F"
18066,"T"
18067,"F"
18068,"F"
18069,"F"
18070,"F"
18071,"F"
18072,"F"
18073,"F"
18074,"F"
18075,"F"
18076,"F"
18077,"F"
18078,"F"
18079,"F"
18080,"F"
18081,"F"
18082,"F"
18083,"F"
18084,"F"
18085,"T"
18086,"F"
18087,"F"
18088,"F"
18089,"F"
18090,"F"
18091,"F"
18092,"F"
18093,"F"
18094,"F"
18095,"F"
18096,"F"
18097,"F"
18098,"T"
18099,"F"
18100,"F"
18101,"F"
18102,"F"
18103,"F"
18104,"F"
18105,"F"
18106,"T"
18107,"F"
18108,"F"
18109,"F"
18110,"F"
18111,"F"
18112,"T"
18113,"F"
18114,"F"
18115,"F"
18116,"F"
18117,"F"
18118,"F"
18119,"F"
18120,"F"
18121,"T"
18122,"F"
18123,"F"
18124,"F"
18125,"F"
18126,"F"
18127,"F"
18128,"T"
18129,"F"
18130,"F"
18131,"F"
18132,"F"
18133,"F"
18134,"T"
18135,"F"
18136,"F"
18137,"T"
18138,"F"
18139,"F"
18140,"F"
18141,"F"
18142,"F"
18143,"F"
18144,"T"
18145,"F"
18146,"F"
18147,"F"
18148,"F"
18149,"F"
18150,"F"
18151,"F"
18152,"F"
18153,"F"
18154,"T"
18155,"F"
18156,"F"
18157,"F"
18158,"F"
18159,"F"
18160,"F"
18161,"T"
18162,"T"
18163,"F"
18164,"T"
18165,"F"
18166,"F"
18167,"F"
18168,"F"
18169,"F"
18171,"F"
18172,"F"
18173,"F"
18174,"F"
18175,"T"
18176,"F"
18177,"F"
18178,"F"
18179,"F"
18180,"F"
18181,"T"
18182,"F"
18183,"F"
18184,"F"
18185,"F"
18186,"F"
18187,"F"
18188,"F"
18189,"F"
18190,"T"
18191,"F"
18192,"F"
18193,"F"
18194,"T"
18195,"F"
18196,"F"
18197,"F"
18198,"F"
18199,"F"
18200,"F"
18201,"F"
18202,"F"
18203,"F"
18204,"F"
18205,"F"
18206,"F"
18207,"F"
18208,"F"
18209,"F"
18210,"T"
18211,"F"
18212,"F"
18213,"F"
18214,"F"
18215,"F"
18216,"F"
18217,"F"
18218,"T"
18219,"T"
18220,"F"
18221,"F"
18222,"F"
18223,"F"
18224,"F"
18225,"F"
18226,"F"
18227,"F"
18228,"F"
18229,"F"
18230,"F"
18231,"F"
18232,"F"
18233,"F"
18234,"T"
18235,"F"
18236,"F"
18237,"F"
18238,"F"
18239,"F"
18240,"F"
18241,"F"
18242,"F"
18243,"F"
18244,"T"
18245,"F"
18246,"F"
18247,"F"
18248,"T"
18249,"F"
18250,"F"
18251,"F"
18252,"T"
18253,"F"
18254,"F"
18255,"F"
18256,"F"
18257,"F"
18258,"F"
18259,"F"
18260,"F"
18261,"F"
18262,"F"
18263,"F"
18264,"F"
18265,"F"
18266,"F"
18267,"T"
18268,"F"
18269,"F"
18270,"F"
18271,"F"
18272,"F"
18273,"T"
18274,"F"
18275,"F"
18276,"F"
18277,"F"
18278,"F"
18279,"T"
18280,"F"
18281,"F"
18282,"F"
18283,"T"
18284,"F"
18285,"F"
18286,"F"
18287,"F"
18288,"F"
18289,"F"
18290,"F"
18291,"F"
18292,"T"
18293,"F"
18294,"F"
18295,"F"
18296,"F"
18297,"F"
18298,"F"
18299,"T"
18300,"T"
18301,"F"
18302,"F"
18303,"F"
18304,"F"
18305,"F"
18306,"F"
18307,"F"
18308,"F"
18309,"F"
18310,"F"
18311,"T"
18312,"F"
18313,"T"
18314,"F"
18315,"F"
18316,"F"
18318,"T"
18319,"F"
18320,"F"
18321,"F"
18322,"F"
18323,"F"
18324,"T"
18325,"F"
18326,"F"
18327,"F"
18328,"F"
18329,"F"
18330,"F"
18331,"F"
18332,"F"
18333,"T"
18334,"F"
18335,"F"
18336,"F"
18337,"F"
18338,"F"
18339,"F"
18340,"T"
18341,"F"
18342,"F"
18343,"F"
18344,"F"
18345,"F"
18346,"F"
18347,"F"
18348,"F"
18349,"F"
18350,"F"
18351,"F"
18352,"F"
18353,"F"
18354,"F"
18355,"F"
18356,"F"
18357,"F"
18358,"F"
18359,"F"
18360,"F"
18362,"F"
18363,"T"
18364,"F"
18365,"F"
18366,"T"
18367,"T"
18368,"F"
18369,"F"
18370,"T"
18371,"F"
18372,"F"
18373,"F"
18374,"T"
18375,"T"
18376,"T"
18377,"F"
18378,"F"
18379,"F"
18380,"F"
18381,"F"
18382,"F"
18383,"F"
18384,"T"
18385,"F"
18386,"T"
18387,"T"
18388,"F"
18389,"F"
18390,"F"
18391,"F"
18392,"F"
18393,"F"
18394,"F"
18395,"F"
18396,"F"
18397,"F"
18398,"F"
18399,"F"
18400,"F"
18401,"F"
18402,"T"
18403,"F"
18404,"T"
18405,"F"
18406,"T"
18407,"F"
18408,"F"
18410,"F"
18411,"F"
18412,"F"
18413,"F"
18414,"F"
18415,"T"
18416,"F"
18417,"T"
18418,"F"
18419,"T"
18420,"F"
18421,"F"
18422,"T"
18423,"F"
18424,"F"
18425,"F"
18426,"F"
18427,"F"
18428,"F"
18429,"F"
18430,"F"
18431,"F"
18432,"F"
18433,"F"
18434,"F"
18435,"F"
18436,"F"
18437,"F"
18438,"F"
18439,"F"
18440,"F"
18441,"F"
18442,"F"
18443,"F"
18444,"F"
18445,"F"
18446,"F"
18447,"T"
18448,"F"
18449,"F"
18450,"F"
18451,"F"
18452,"T"
18453,"F"
18454,"F"
18455,"F"
18456,"F"
18457,"T"
18458,"F"
18459,"F"
18460,"F"
18461,"F"
18462,"T"
18463,"F"
18464,"T"
18465,"F"
18466,"F"
18467,"F"
18468,"F"
18469,"F"
18470,"F"
18471,"F"
18472,"F"
18473,"F"
18474,"F"
18475,"F"
18476,"T"
18477,"F"
18478,"F"
18479,"F"
18480,"F"
18481,"T"
18482,"F"
18483,"F"
18485,"F"
18486,"F"
18487,"F"
18489,"F"
18490,"F"
18491,"F"
18492,"F"
18493,"F"
18494,"F"
18495,"F"
18496,"F"
18497,"F"
18498,"T"
18499,"F"
18500,"F"
18501,"F"
18502,"T"
18503,"F"
18504,"F"
18505,"F"
18506,"F"
18507,"T"
18508,"T"
18509,"T"
18510,"F"
18512,"F"
18513,"F"
18514,"F"
18515,"T"
18516,"F"
18518,"F"
18519,"F"
18520,"F"
18522,"F"
18523,"F"
18524,"F"
18525,"F"
18526,"F"
18527,"F"
18528,"F"
18529,"F"
18530,"F"
18531,"T"
18532,"F"
18533,"F"
18534,"F"
18535,"F"
18536,"F"
18537,"F"
18538,"F"
18539,"F"
18541,"F"
18542,"F"
18543,"F"
18544,"F"
18545,"F"
18546,"F"
18547,"F"
18548,"F"
18549,"T"
18550,"F"
18551,"T"
18552,"F"
18553,"F"
18554,"T"
18555,"F"
18556,"F"
18557,"F"
18558,"F"
18559,"F"
18560,"F"
18561,"F"
18562,"F"
18563,"F"
18564,"F"
18565,"T"
18566,"F"
18567,"T"
18568,"F"
18569,"F"
18570,"F"
18571,"F"
18572,"F"
18573,"F"
18574,"F"
18575,"F"
18576,"F"
18577,"F"
18578,"F"
18579,"F"
18580,"F"
18581,"F"
18582,"F"
18583,"F"
18584,"T"
18585,"F"
18586,"T"
18587,"F"
18588,"F"
18589,"T"
18590,"F"
18591,"F"
18592,"F"
18593,"T"
18594,"F"
18595,"F"
18596,"T"
18597,"F"
18598,"T"
18599,"F"
18600,"F"
18601,"T"
18602,"F"
18603,"F"
18604,"F"
18605,"F"
18606,"T"
18607,"F"
18608,"F"
18609,"F"
18610,"F"
18611,"F"
18612,"F"
18613,"F"
18614,"F"
18615,"F"
18616,"F"
18617,"F"
18618,"T"
18619,"F"
18620,"F"
18621,"F"
18622,"F"
18623,"F"
18624,"F"
18625,"F"
18626,"F"
18627,"F"
18628,"F"
18629,"F"
18630,"T"
18631,"T"
18632,"F"
18633,"F"
18634,"F"
18635,"F"
18636,"F"
18637,"T"
18638,"F"
18639,"F"
18640,"T"
18641,"F"
18642,"F"
18643,"F"
18644,"F"
18645,"T"
18646,"F"
18647,"F"
18648,"F"
18649,"T"
18650,"F"
18651,"F"
18652,"F"
18653,"F"
18654,"F"
18655,"F"
18656,"F"
18657,"F"
18658,"F"
18659,"T"
18660,"F"
18661,"T"
18662,"F"
18663,"F"
18664,"F"
18665,"F"
18666,"T"
18667,"F"
18668,"F"
18669,"F"
18670,"F"
18671,"F"
18672,"F"
18673,"F"
18674,"F"
18675,"F"
18676,"F"
18677,"F"
18678,"F"
18679,"T"
18680,"F"
18681,"F"
18682,"F"
18683,"F"
18684,"F"
18685,"F"
18686,"F"
18687,"T"
18688,"T"
18689,"T"
18690,"F"
18691,"F"
18692,"F"
18693,"F"
18694,"F"
18695,"F"
18696,"F"
18697,"F"
18698,"F"
18699,"F"
18700,"F"
18701,"F"
18702,"T"
18703,"F"
18704,"F"
18705,"T"
18706,"F"
18707,"T"
18708,"T"
18709,"F"
18710,"F"
18711,"F"
18712,"F"
18713,"F"
18714,"F"
18715,"F"
18716,"F"
18717,"F"
18718,"F"
18719,"F"
18720,"F"
18721,"F"
18722,"F"
18724,"F"
18725,"F"
18726,"F"
18727,"F"
18728,"F"
18729,"F"
18730,"F"
18731,"F"
18732,"F"
18733,"F"
18734,"F"
18735,"F"
18736,"F"
18737,"T"
18738,"F"
18739,"F"
18740,"F"
18741,"F"
18742,"F"
18743,"T"
18744,"F"
18745,"F"
18746,"T"
18747,"F"
18748,"F"
18749,"T"
18750,"F"
18751,"F"
18752,"F"
18753,"F"
18754,"F"
18755,"F"
18756,"T"
18757,"F"
18758,"F"
18759,"F"
18760,"F"
18761,"F"
18762,"F"
18763,"T"
18764,"F"
18765,"F"
18766,"F"
18767,"F"
18768,"F"
18769,"F"
18770,"T"
18771,"F"
18772,"F"
18773,"F"
18774,"F"
18775,"F"
18776,"F"
18777,"F"
18778,"F"
18779,"F"
18780,"F"
18781,"F"
18782,"F"
18783,"F"
18784,"F"
18785,"F"
18786,"F"
18787,"F"
18788,"F"
18789,"F"
18791,"F"
18792,"F"
18793,"F"
18794,"F"
18795,"T"
18796,"T"
18797,"F"
18798,"F"
18799,"F"
18800,"F"
18801,"F"
18802,"F"
18803,"T"
18804,"F"
18805,"F"
18806,"F"
18807,"F"
18808,"F"
18809,"F"
18810,"F"
18811,"F"
18812,"F"
18813,"T"
18814,"F"
18815,"F"
18816,"T"
18817,"F"
18818,"F"
18819,"F"
18820,"T"
18821,"F"
18822,"F"
18823,"F"
18824,"F"
18825,"F"
18826,"F"
18827,"F"
18828,"F"
18829,"F"
18830,"F"
18831,"T"
18832,"F"
18833,"F"
18834,"T"
18835,"F"
18836,"F"
18837,"F"
18838,"T"
18839,"F"
18840,"F"
18841,"T"
18842,"F"
18843,"F"
18844,"F"
18845,"F"
18846,"F"
18847,"F"
18848,"T"
18849,"F"
18850,"F"
18851,"F"
18852,"T"
18853,"F"
18854,"F"
18855,"F"
18856,"F"
18857,"F"
18858,"F"
18859,"F"
18860,"F"
18861,"F"
18862,"F"
18863,"F"
18864,"T"
18865,"F"
18866,"F"
18867,"T"
18868,"F"
18869,"F"
18870,"F"
18871,"F"
18872,"F"
18873,"F"
18874,"F"
18875,"T"
18876,"T"
18877,"F"
18878,"F"
18879,"F"
18880,"F"
18881,"F"
18882,"F"
18883,"F"
18884,"F"
18885,"F"
18886,"F"
18887,"F"
18888,"F"
18889,"F"
18890,"F"
18891,"F"
18892,"F"
18893,"F"
18894,"F"
18895,"F"
18896,"F"
18897,"F"
18898,"T"
18899,"F"
18900,"T"
18901,"F"
18902,"F"
18903,"T"
18904,"F"
18905,"F"
18906,"F"
18907,"F"
18908,"F"
18909,"F"
18910,"F"
18911,"F"
18912,"F"
18913,"F"
18914,"F"
18915,"F"
18916,"F"
18917,"F"
18918,"F"
18919,"F"
18920,"F"
18921,"F"
18922,"T"
18923,"T"
18924,"F"
18925,"F"
18926,"F"
18927,"F"
18928,"F"
18929,"T"
18930,"T"
18931,"F"
18932,"F"
18933,"F"
18934,"F"
18935,"T"
18936,"T"
18937,"T"
18938,"F"
18939,"F"
18940,"F"
18941,"F"
18942,"F"
18943,"F"
18944,"F"
18945,"T"
18947,"T"
18948,"F"
18949,"T"
18950,"F"
18951,"T"
18952,"F"
18953,"F"
18954,"F"
18955,"F"
18956,"F"
18957,"F"
18958,"F"
18959,"F"
18961,"F"
18962,"F"
18964,"F"
18965,"F"
18966,"F"
18967,"F"
18968,"F"
18969,"F"
18970,"F"
18971,"F"
18972,"T"
18973,"F"
18974,"F"
18975,"F"
18976,"F"
18977,"F"
18978,"T"
18979,"T"
18980,"F"
18981,"F"
18982,"T"
18983,"F"
18984,"F"
18985,"F"
18986,"F"
18987,"F"
18988,"F"
18989,"T"
18990,"F"
18991,"F"
18992,"F"
18993,"T"
18994,"F"
18995,"T"
18996,"F"
18997,"T"
18998,"F"
18999,"F"
19000,"F"
